"Time","Circuit Prises Forte","Circuit Lumière","Circuit Cuisine","Circuit Prises","Linky général","PZEM Général Courant"
2020-01-11 13:00:00,0.75,0.23,0.35,0.73,1.5,
2020-01-12 01:00:00,1.2,0.13,0.53,0.86,2.8,
2020-01-12 13:00:00,1.4,0.39,4.9,3.1,9.1,
2020-01-13 01:00:00,0.91,0.14,0.43,0.87,2.9,
2020-01-13 13:00:00,1.2,0.37,0.57,0.91,2.9,
2020-01-14 01:00:00,1.2,0.17,4.3,1.7,5.3,
2020-01-14 13:00:00,1.4,0.29,0.80,0.95,3.5,
2020-01-15 01:00:00,1.2,0.20,4.6,1.7,4.6,
2020-01-15 13:00:00,1.1,0.43,0.42,0.88,4.3,
2020-01-16 01:00:00,1.9,0.26,4.0,2.1,6.0,
2020-01-16 13:00:00,0.88,0.43,0.74,1.3,3.5,
2020-01-17 01:00:00,1.3,0.27,4.2,1.9,4.9,
2020-01-17 13:00:00,1.4,0.44,0.63,0.93,3.7,
2020-01-18 01:00:00,1.5,0.38,4.1,1.8,6.9,
2020-01-18 13:00:00,1.4,0.39,1.2,1.1,5.4,
2020-01-19 01:00:00,0.74,0.28,0.46,0.91,1.6,
2020-01-19 13:00:00,1.1,0.33,2.8,1.8,5.7,
2020-01-20 01:00:00,1.4,0.25,0.43,0.86,4.8,
2020-01-20 13:00:00,0.75,0.28,0.35,0.71,1.6,
2020-01-21 01:00:00,0.75,0.025,0.42,0.69,1.6,
2020-01-21 13:00:00,0.75,0.30,0.34,0.86,2.5,
2020-01-22 01:00:00,0.77,0.054,0.53,0.88,1.7,
2020-01-22 13:00:00,0.73,0.32,0.34,0.87,1.7,
2020-01-23 01:00:00,1.9,0.15,4.5,1.8,6.1,
2020-01-23 13:00:00,0.95,0.29,0.45,0.86,1.8,
2020-01-24 01:00:00,1.3,0.17,4.6,2.1,5.4,
2020-01-24 13:00:00,1.4,0.39,3.6,1.7,5.1,
2020-01-25 01:00:00,1.1,0.15,4.1,2.0,5.8,
2020-01-25 13:00:00,1.4,0.37,0.56,1.1,2.9,
2020-01-26 01:00:00,1.6,0.24,3.1,1.5,6.0,
2020-01-26 13:00:00,0.76,0.37,2.0,1.4,4.0,
2020-01-27 01:00:00,1.2,0.12,2.6,1.3,3.7,
2020-01-27 13:00:00,1.2,0.30,0.46,0.89,2.3,
2020-01-28 01:00:00,1.5,0.25,5.8,3.3,7.6,
2020-01-28 13:00:00,1.1,0.29,2.8,1.6,5.1,
2020-01-29 01:00:00,1.3,0.23,0.47,0.87,2.1,
2020-01-29 13:00:00,0.82,0.28,0.74,0.99,2.8,
2020-01-30 01:00:00,0.86,0.16,0.42,0.92,2.6,
2020-01-30 13:00:00,0.73,0.23,0.41,0.86,1.7,
2020-01-31 01:00:00,0.74,0.22,0.74,0.86,1.5,
2020-01-31 13:00:00,1.4,0.30,0.76,0.87,4.4,
2020-02-01 01:00:00,0.90,0.12,0.50,1.00,2.1,
2020-02-01 13:00:00,1.7,0.43,2.2,1.8,4.4,
2020-02-02 01:00:00,1.7,0.28,4.9,2.4,8.0,
2020-02-02 13:00:00,1.1,0.35,3.3,2.0,4.3,
2020-02-03 01:00:00,1.3,0.19,0.53,0.92,3.3,
2020-02-03 13:00:00,0.73,0.33,0.58,0.92,1.8,
2020-02-04 01:00:00,0.73,0.19,0.41,0.93,1.9,
2020-02-04 13:00:00,1.4,0.34,0.61,0.88,2.4,
2020-02-05 01:00:00,0.77,0.11,0.46,0.84,1.6,
2020-02-05 13:00:00,0.77,0.38,0.33,0.84,2.7,
2020-02-06 01:00:00,1.3,0.17,3.5,1.6,5.0,
2020-02-06 13:00:00,1.4,0.37,2.1,1.3,4.6,
2020-02-07 01:00:00,1.5,0.15,4.1,1.9,5.3,
2020-02-07 13:00:00,1.6,0.27,4.3,2.2,4.6,
2020-02-08 01:00:00,0.76,0.039,0.50,0.86,2.0,
2020-02-08 13:00:00,0.82,0.30,0.41,0.90,2.3,
2020-02-09 01:00:00,0.92,0.051,0.34,0.89,2.2,
2020-02-09 13:00:00,1.6,0.35,0.89,1.00,3.6,
2020-02-10 01:00:00,,,,,4,
2020-02-10 13:00:00,1.9,0.42,0.91,0.93,3.2,
2020-02-11 01:00:00,1.3,0.14,4.5,2.2,4.8,
2020-02-11 13:00:00,1.6,0.24,1.1,1.2,3.7,
2020-02-12 01:00:00,0.76,0.052,0.43,0.81,1.5,
2020-02-12 13:00:00,0.70,0.28,0.35,0.79,1.4,
2020-02-13 01:00:00,1.0,0.14,0.16,0.83,2.3,
2020-02-13 13:00:00,1.3,0.27,0.16,0.87,2.5,
2020-02-14 01:00:00,1.0,0.088,1.0,2.0,3.2,
2020-02-14 13:00:00,0.80,0.21,0.17,0.90,1.8,
2020-02-15 01:00:00,1.5,0.082,0.77,1.5,4.3,
2020-02-15 13:00:00,0.78,0.20,0.45,1.0,3.2,
2020-02-16 01:00:00,0.74,0.048,0.19,0.90,1.5,
2020-02-16 13:00:00,0.69,0.22,0.15,1.2,1.8,
2020-02-17 01:00:00,0.88,0.12,0.17,0.88,1.9,
2020-02-17 13:00:00,1.2,0.32,0.20,1.1,2.9,
2020-02-18 01:00:00,0.73,0.090,0.19,0.83,1.5,
2020-02-18 13:00:00,1.3,0.26,0.23,0.87,2.2,
2020-02-19 01:00:00,0.87,0.13,2.1,2.1,3.8,
2020-02-19 13:00:00,1.1,0.23,0.15,0.84,6.1,
2020-02-20 01:00:00,0.83,0.081,0.20,0.89,1.9,
2020-02-20 13:00:00,1.4,0.34,0.19,1.3,3.3,
2020-02-21 01:00:00,0.97,0.078,0.20,0.93,2.2,
2020-02-21 13:00:00,1.0,0.23,0.19,0.87,1.8,
2020-02-22 01:00:00,1.5,0.035,1.9,2.0,4.0,
2020-02-22 13:00:00,1.5,0.30,0.28,1.3,3.3,
2020-02-23 01:00:00,1.5,0.052,1.0,1.8,4.8,
2020-02-23 13:00:00,1.3,0.25,0.75,1.3,4.3,
2020-02-24 01:00:00,0.85,0.046,0.20,0.86,1.8,
2020-02-24 13:00:00,1.2,0.19,0.19,0.97,1.8,
2020-02-25 01:00:00,0.95,0.079,1.3,1.5,2.6,
2020-02-25 13:00:00,0.92,0.26,0.18,0.90,2.2,
2020-02-26 01:00:00,1.2,0.10,1.6,1.9,4.8,
2020-02-26 13:00:00,1.4,0.24,0.44,1.0,2.9,
2020-02-27 01:00:00,0.80,0.049,0.16,0.82,1.6,
2020-02-27 13:00:00,1.5,0.24,1.0,1.9,5.5,
2020-02-28 01:00:00,0.75,0.048,0.16,0.84,1.5,
2020-02-28 13:00:00,0.75,0.19,0.13,0.79,1.5,
2020-02-29 01:00:00,0.67,0.035,0.12,0.79,1.0,
2020-02-29 13:00:00,0.66,0.20,0.12,0.64,1.0,
2020-03-01 01:00:00,0.67,0.035,0.11,0.66,1.0,
2020-03-01 13:00:00,0.67,0.19,0.12,0.63,1.1,
2020-03-02 01:00:00,0.66,0.030,0.12,0.64,1.0,
2020-03-02 13:00:00,0.66,0.22,0.12,0.62,1.0,
2020-03-03 01:00:00,0.67,0.024,0.12,0.61,1.0,
2020-03-03 13:00:00,0.66,0.22,0.10,0.60,1.1,
2020-03-04 01:00:00,0.67,0.023,0.13,0.62,1.1,
2020-03-04 13:00:00,0.63,0.22,0.13,0.61,1.1,
2020-03-05 01:00:00,0.64,0.026,0.092,0.60,1,
2020-03-05 13:00:00,0.63,0.21,0.13,0.63,1.0,
2020-03-06 01:00:00,0.64,0.026,0.12,0.62,1.1,
2020-03-06 13:00:00,0.64,0.22,0.11,0.60,1.1,
2020-03-07 01:00:00,0.68,0.032,0.14,0.64,1.0,
2020-03-07 13:00:00,1.7,0.26,2.3,2.4,6.3,
2020-03-08 01:00:00,1.0,0.040,0.83,1.2,3.9,
2020-03-08 13:00:00,1.7,0.29,0.22,1.1,3.0,
2020-03-09 01:00:00,0.74,0.11,0.27,0.96,1.7,
2020-03-09 13:00:00,0.73,0.20,0.22,0.92,1.6,
2020-03-10 01:00:00,1.9,0.099,0.20,0.91,4.3,
2020-03-10 13:00:00,1.1,0.21,1.8,2.0,4.1,
2020-03-11 01:00:00,0.99,0.056,1.0,1.3,2.9,
2020-03-11 13:00:00,1.3,0.22,0.18,0.90,2.4,
2020-03-12 01:00:00,0.80,0.086,0.23,0.97,1.6,
2020-03-12 13:00:00,0.68,0.27,0.25,0.97,1.8,
2020-03-13 01:00:00,1.0,0.10,0.65,1.1,2.2,
2020-03-13 13:00:00,1.6,0.24,1.8,2.1,6.1,
2020-03-14 01:00:00,0.83,0.070,0.24,0.93,2.0,
2020-03-14 13:00:00,1.5,0.18,0.94,1.5,3.8,
2020-03-15 01:00:00,1.1,0.045,0.22,0.96,2.4,
2020-03-15 13:00:00,1.1,0.23,1.8,2.4,5.4,
2020-03-16 01:00:00,1.7,0.039,1.2,1.8,4.6,
2020-03-16 13:00:00,1.0,0.22,0.25,1.1,2.4,
2020-03-17 01:00:00,1.7,0.037,0.21,0.96,4.0,
2020-03-17 13:00:00,0.80,0.20,0.28,1.1,2.5,
2020-03-18 01:00:00,2.0,0.035,0.22,0.90,3.5,
2020-03-18 13:00:00,1.7,0.23,1.5,1.8,7.1,
2020-03-19 01:00:00,1.6,0.048,0.26,1.3,4.2,
2020-03-19 13:00:00,1.5,0.23,0.21,0.95,3.6,
2020-03-20 01:00:00,1.4,0.034,0.21,1.3,5.5,
2020-03-20 13:00:00,2.0,0.21,1.4,1.8,6.4,
2020-03-21 01:00:00,1.7,0.036,1.8,2.1,6.5,
2020-03-21 13:00:00,1.3,0.22,0.35,0.97,2.7,
2020-03-22 01:00:00,1.2,0.058,2.1,2.2,5.5,
2020-03-22 13:00:00,1.4,0.22,0.25,1.1,2.8,
2020-03-23 01:00:00,0.83,0.061,0.20,0.98,1.9,
2020-03-23 13:00:00,1.1,0.22,1.0,1.4,3.4,
2020-03-24 01:00:00,1.6,0.029,0.19,0.85,2.6,
2020-03-24 13:00:00,0.86,0.20,0.23,1.0,2.3,
2020-03-25 01:00:00,1.1,0.031,1.7,2.0,4.8,
2020-03-25 13:00:00,1.4,0.19,0.26,1.0,2.5,
2020-03-26 01:00:00,0.81,0.033,0.26,0.86,2.0,
2020-03-26 13:00:00,1.3,0.17,0.25,1.3,2.4,
2020-03-27 01:00:00,0.78,0.035,0.21,0.98,1.9,
2020-03-27 13:00:00,1.3,0.24,0.27,1.0,2.5,
2020-03-28 01:00:00,1.1,0.039,0.93,1.5,3.2,
2020-03-28 13:00:00,0.88,0.20,1.2,1.7,3.2,
2020-03-29 01:00:00,1.9,0.041,0.77,2.2,6.3,
2020-03-29 14:00:00,1.1,0.27,1.8,2.3,6.3,
2020-03-30 02:00:00,1.2,0.12,0.20,0.84,2.2,
2020-03-30 14:00:00,1.1,0.16,0.24,0.89,2.7,
2020-03-31 02:00:00,1.3,0.091,0.24,1.1,2.7,
2020-03-31 14:00:00,1.1,0.19,0.23,0.90,3.5,
2020-04-01 02:00:00,1.5,0.066,2.1,2.2,6.0,
2020-04-01 14:00:00,1.6,0.19,0.23,0.90,3.3,
2020-04-02 02:00:00,1.2,0.047,1.4,1.8,4.6,
2020-04-02 14:00:00,1.5,0.10,0.21,1.1,2.8,
2020-04-03 02:00:00,1.3,0.030,1.6,1.9,5.9,
2020-04-03 14:00:00,1.7,0.058,1.1,1.5,3.7,
2020-04-04 02:00:00,0.78,0.025,0.23,1.6,2.8,
2020-04-04 14:00:00,0.76,0.14,0.24,1.3,2.1,
2020-04-05 02:00:00,1.6,0.11,0.26,0.97,3.4,
2020-04-05 14:00:00,1.1,0.081,0.30,0.95,3.7,
2020-04-06 02:00:00,1.8,0.039,2.2,2.3,6.6,
2020-04-06 14:00:00,0.71,0.070,0.29,0.91,2.0,
2020-04-07 02:00:00,1.3,0.024,0.24,1.1,2.7,
2020-04-07 14:00:00,0.77,0.14,0.21,1.3,2.6,
2020-04-08 02:00:00,1.4,0.057,0.20,0.89,5.6,
2020-04-08 14:00:00,1.6,0.11,0.22,0.93,6.7,
2020-04-09 02:00:00,1.6,0.038,0.26,0.89,4.1,
2020-04-09 14:00:00,1.5,0.055,2.2,2.2,5.5,
2020-04-10 02:00:00,2.2,0.024,0.21,0.91,4.3,
2020-04-10 14:00:00,0.78,0.033,0.26,1.1,2.2,
2020-04-11 02:00:00,0.74,0.022,0.14,0.79,2.7,
2020-04-11 14:00:00,1.6,0.15,0.23,1.3,3.3,
2020-04-12 02:00:00,1.9,0.036,0.23,0.91,3.6,
2020-04-12 14:00:00,0.83,0.15,0.34,0.92,2.5,
2020-04-13 02:00:00,2.0,0.031,1.1,1.5,6.2,
2020-04-13 14:00:00,0.90,0.13,0.20,0.92,1.8,
2020-04-14 02:00:00,2.1,0.037,1.9,2.0,7.5,
2020-04-14 14:00:00,0.87,0.095,0.24,0.91,2.2,
2020-04-15 02:00:00,1.7,0.043,0.23,0.93,4.3,
2020-04-15 14:00:00,0.78,0.089,0.21,1.1,1.9,
2020-04-16 02:00:00,1.7,0.035,0.26,0.96,2.9,
2020-04-16 14:00:00,0.72,0.11,0.22,1.3,2.0,
2020-04-17 02:00:00,1.6,0.030,1.5,1.7,4.5,
2020-04-17 14:00:00,0.76,0.096,0.22,0.92,1.9,
2020-04-18 02:00:00,1.6,0.040,0.21,0.90,3.0,
2020-04-18 14:00:00,0.88,0.16,0.19,0.87,2.3,
2020-04-19 02:00:00,1.7,0.035,0.22,0.96,4.4,
2020-04-19 14:00:00,1.4,0.12,0.27,0.97,2.4,
2020-04-20 02:00:00,1.0,0.029,0.20,0.92,2.2,
2020-04-20 14:00:00,1.7,0.15,0.27,0.90,2.9,
2020-04-21 02:00:00,1.0,0.064,1.1,1.5,3.9,
2020-04-21 14:00:00,0.82,0.16,0.76,1.2,3.5,
2020-04-22 02:00:00,0.76,0.022,0.19,0.83,1.7,
2020-04-22 14:00:00,1.3,0.089,0.22,1.1,2.1,
2020-04-23 02:00:00,0.89,0.033,0.32,0.93,2.5,
2020-04-23 14:00:00,1.3,0.074,0.23,1.3,2.6,
2020-04-24 02:00:00,1.0,0.042,1.9,2.1,4.5,
2020-04-24 14:00:00,1.4,0.17,0.23,0.89,3.6,
2020-04-25 02:00:00,0.78,0.033,0.25,1.2,2.5,
2020-04-25 14:00:00,1.3,0.087,0.19,0.83,2.5,
2020-04-26 02:00:00,1.4,0.032,2.0,2.1,6.1,
2020-04-26 14:00:00,0.82,0.13,1.4,1.9,6.4,
2020-04-27 02:00:00,1.8,0.031,0.23,0.93,4.6,
2020-04-27 14:00:00,1.4,0.14,0.29,1.5,4.1,
2020-04-28 02:00:00,1.7,0.082,1.2,1.6,4.9,
2020-04-28 14:00:00,0.81,0.13,2.0,2.2,5.1,
2020-04-29 02:00:00,1.4,0.045,1.9,2.1,6.0,
2020-04-29 14:00:00,1.4,0.079,0.22,1.0,2.8,
2020-04-30 02:00:00,0.86,0.14,0.25,0.93,2.3,
2020-04-30 14:00:00,1.7,0.16,0.18,1.1,2.9,
2020-05-01 02:00:00,1.1,0.056,0.31,0.97,2.5,
2020-05-01 14:00:00,1.6,0.23,0.23,0.87,2.9,
2020-05-02 02:00:00,1.2,0.041,1.6,2.2,5.4,
2020-05-02 14:00:00,1.6,0.24,1.4,1.6,4.1,
2020-05-03 02:00:00,0.89,0.032,0.18,0.83,1.8,
2020-05-03 14:00:00,0.73,0.070,0.22,0.80,1.6,
2020-05-04 02:00:00,1.7,0.041,1.5,2.0,4.9,
2020-05-04 14:00:00,0.95,0.13,0.19,0.84,2.1,
2020-05-05 02:00:00,1.4,0.029,0.18,0.93,2.2,
2020-05-05 14:00:00,1.6,0.20,0.29,0.81,3.3,
2020-05-06 02:00:00,1.5,0.036,0.24,0.92,3.2,
2020-05-06 14:00:00,1.3,0.10,0.22,1.1,2.7,
2020-05-07 02:00:00,1.6,0.017,0.22,0.97,3.9,
2020-05-07 14:00:00,1.7,0.15,0.21,0.89,4.7,
2020-05-08 02:00:00,1.6,0.037,0.19,0.85,5.0,
2020-05-08 14:00:00,1.5,0.11,0.18,0.80,2.7,
2020-05-09 02:00:00,1.1,0.027,0.22,0.90,2.9,
2020-05-09 14:00:00,0.74,0.071,0.24,0.79,1.7,
2020-05-10 02:00:00,1.6,0.025,0.26,1.2,3.0,
2020-05-10 14:00:00,0.88,0.19,0.24,1.1,2.5,
2020-05-11 02:00:00,1.5,0.040,0.23,0.88,2.6,
2020-05-11 14:00:00,1.4,0.15,0.24,0.88,2.9,
2020-05-12 02:00:00,1.2,0.036,1.9,2.0,5.1,
2020-05-12 14:00:00,1.0,0.18,0.18,0.80,2.1,
2020-05-13 02:00:00,1.5,0.12,0.24,0.88,2.8,
2020-05-13 14:00:00,1.0,0.24,0.19,0.89,2.7,
2020-05-14 02:00:00,1.7,0.12,0.23,0.85,3.7,
2020-05-14 14:00:00,0.82,0.077,0.20,0.85,1.7,
2020-05-15 02:00:00,1.4,0.12,0.21,0.88,3.0,
2020-05-15 14:00:00,0.72,0.15,0.76,0.92,2.4,
2020-05-16 02:00:00,2.1,0.038,0.76,1.2,4.8,
2020-05-16 14:00:00,1.4,0.15,3.6,1.9,6.0,
2020-05-17 02:00:00,0.73,0.037,0.53,0.85,2.4,
2020-05-17 14:00:00,0.74,0.094,0.38,0.91,2.6,
2020-05-18 02:00:00,1.2,0.034,0.21,0.78,2.3,
2020-05-18 14:00:00,0.95,0.042,0.26,0.72,1.6,
2020-05-19 02:00:00,0.93,0.034,0.21,0.84,1.8,
2020-05-19 14:00:00,1.5,0.081,0.37,1.0,2.5,
2020-05-20 02:00:00,1.2,0.022,0.21,1.1,2.7,
2020-05-20 14:00:00,1.4,0.061,0.28,1.2,2.5,
2020-05-21 02:00:00,0.72,0.0062,0.25,0.89,1.6,
2020-05-21 14:00:00,1.4,0.028,0.22,0.77,2.1,
2020-05-22 02:00:00,1.1,0.022,0.29,0.86,2.0,
2020-05-22 14:00:00,1.6,0.14,0.23,0.85,2.9,
2020-05-23 02:00:00,1.4,0.030,1.1,1.4,3.4,
2020-05-23 14:00:00,1.4,0.26,1.4,2.1,5.3,
2020-05-24 02:00:00,0.76,0.011,0.17,0.82,1.7,
2020-05-24 14:00:00,0.89,0.025,0.16,0.81,2.0,
2020-05-25 02:00:00,1.4,0.041,0.21,0.88,3.4,
2020-05-25 14:00:00,0.98,0.028,0.32,0.93,2.2,
2020-05-26 02:00:00,0.95,0.027,0.30,1.1,2.4,
2020-05-26 14:00:00,1.5,0.074,0.23,0.87,2.4,
2020-05-27 02:00:00,1.2,0.036,0.23,0.84,2.7,
2020-05-27 14:00:00,1.7,0.095,0.31,0.97,2.7,
2020-05-28 02:00:00,1.2,0.061,0.26,0.96,2.9,
2020-05-28 14:00:00,1.3,0.075,0.25,0.91,2.4,
2020-05-29 02:00:00,0.74,0.021,0.24,1.1,1.8,
2020-05-29 14:00:00,1.3,0.12,0.27,1.1,2.6,
2020-05-30 02:00:00,0.72,0.012,0.22,0.85,1.7,
2020-05-30 14:00:00,0.77,0.080,0.24,0.88,1.8,
2020-05-31 02:00:00,1.2,0.024,0.21,0.81,2.3,
2020-05-31 14:00:00,0.75,0.049,0.19,0.75,1.5,
2020-06-01 02:00:00,0.75,0.027,0.24,0.87,1.8,
2020-06-01 14:00:00,1.4,0.14,0.29,0.88,2.5,
2020-06-02 02:00:00,1.1,0.014,0.24,0.82,2.4,
2020-06-02 14:00:00,0.71,0.067,0.25,1.1,2.2,
2020-06-03 02:00:00,1.7,0.037,0.31,1.5,3.1,
2020-06-03 14:00:00,1.1,0.22,0.24,0.97,2.6,
2020-06-04 02:00:00,1.3,0.19,0.22,0.90,3.6,
2020-06-04 14:00:00,1.0,0.24,0.21,1.2,3.2,
2020-06-05 02:00:00,1.2,0.088,0.28,1.2,2.9,
2020-06-05 14:00:00,0.88,0.21,0.38,0.93,2.4,
2020-06-06 02:00:00,0.70,0.046,0.25,0.92,1.7,
2020-06-06 14:00:00,2.0,0.29,1.7,1.9,5.6,
2020-06-07 02:00:00,1.2,0.074,1.1,1.3,3.0,
2020-06-07 14:00:00,0.65,0.059,0.17,0.89,1.6,
2020-06-08 02:00:00,1.6,0.029,1.2,1.5,4.4,
2020-06-08 14:00:00,1.4,0.21,0.20,0.89,2.8,
2020-06-09 02:00:00,1.4,0.15,0.29,0.92,3.2,
2020-06-09 14:00:00,0.79,0.28,0.22,0.93,2.2,
2020-06-10 02:00:00,2.0,0.076,2.3,2.3,6.7,
2020-06-10 14:00:00,0.84,0.11,0.43,1.2,3.5,
2020-06-11 02:00:00,1.5,0.020,0.34,1.1,2.8,
2020-06-11 14:00:00,0.87,0.10,0.23,0.78,1.8,
2020-06-12 02:00:00,1.9,0.033,1.2,1.5,6.8,
2020-06-12 14:00:00,1.6,0.13,2.7,2.7,7.0,
2020-06-13 02:00:00,1.3,0.050,0.24,1.1,3.1,
2020-06-13 14:00:00,1.3,0.11,0.20,0.82,2.0,
2020-06-14 02:00:00,0.87,0.069,0.23,0.86,2.1,
2020-06-14 14:00:00,1.3,0.053,0.37,0.93,4.0,
2020-06-15 02:00:00,0.98,0.0079,0.22,1.2,2.8,
2020-06-15 14:00:00,1.7,0.19,0.18,0.81,2.6,
2020-06-16 02:00:00,1.6,0.034,1.7,1.8,5.3,
2020-06-16 14:00:00,1.1,0.11,0.81,1.4,4.6,
2020-06-17 02:00:00,1.8,0.062,1.3,1.7,4.4,
2020-06-17 14:00:00,1.2,0.080,1.8,2.0,5.0,
2020-06-18 02:00:00,1.9,0.021,0.24,0.84,3.4,
2020-06-18 14:00:00,1.3,0.12,0.25,1.0,2.6,
2020-06-19 02:00:00,0.75,0.041,0.21,0.74,1.7,
2020-06-19 14:00:00,0.89,0.050,0.24,0.83,1.9,
2020-06-20 02:00:00,1.5,0.058,0.25,0.88,2.8,
2020-06-20 14:00:00,0.86,0.16,0.24,0.87,1.8,
2020-06-21 02:00:00,0.81,0.016,0.17,0.81,1.5,
2020-06-21 14:00:00,1.2,0.086,0.17,0.81,1.9,
2020-06-22 02:00:00,0.91,0.047,0.27,0.89,1.8,
2020-06-22 14:00:00,0.83,0.045,0.29,0.88,2.1,
2020-06-23 02:00:00,1.4,0.014,0.26,0.87,3.6,
2020-06-23 14:00:00,0.79,0.069,0.26,1.1,1.8,
2020-06-24 02:00:00,1.1,0.025,0.23,0.77,1.8,
2020-06-24 14:00:00,0.72,0.056,0.25,0.85,1.6,
2020-06-25 02:00:00,1.5,0.045,0.26,0.91,2.9,
2020-06-25 14:00:00,1.1,0.11,0.23,0.92,2.1,
2020-06-26 02:00:00,0.65,0.018,0.23,0.82,1.5,
2020-06-26 14:00:00,0.65,0.12,0.18,0.67,1.2,
2020-06-27 02:00:00,0.67,0.0013,0.18,0.65,1.1,
2020-06-27 14:00:00,0.66,0.12,0.18,0.66,1.2,
2020-06-28 02:00:00,0.67,0.0019,0.18,0.67,1.1,
2020-06-28 14:00:00,0.97,0.17,1.4,1.6,4.0,
2020-06-29 02:00:00,1.2,0.051,0.22,1.2,3.5,
2020-06-29 14:00:00,1.1,0.039,0.26,0.91,1.9,
2020-06-30 02:00:00,0.77,0.030,0.22,0.89,1.9,
2020-06-30 14:00:00,1.0,0.054,0.35,0.92,2.2,
2020-07-01 02:00:00,1.4,0.062,0.19,0.86,3.3,
2020-07-01 14:00:00,1.2,0.098,0.23,1.2,2.2,
2020-07-02 02:00:00,0.66,0.018,0.27,0.97,1.7,
2020-07-02 14:00:00,0.87,0.058,0.20,1.1,2.0,
2020-07-03 02:00:00,1.6,0.022,0.38,1.1,3.6,
2020-07-03 14:00:00,1.2,0.085,0.30,1.0,2.1,
2020-07-04 02:00:00,0.98,0.036,0.22,1.4,3.0,
2020-07-04 14:00:00,1.2,0.056,0.24,0.98,2.0,
2020-07-05 02:00:00,1.1,0.032,0.33,0.98,3.1,
2020-07-05 14:00:00,0.68,0.084,0.32,0.94,2.5,
2020-07-06 02:00:00,1.7,0.047,0.22,0.86,4.8,
2020-07-06 14:00:00,1.1,0.047,0.27,1.1,2.7,
2020-07-07 02:00:00,1.1,0.017,0.21,0.83,2.3,
2020-07-07 14:00:00,0.94,0.040,0.27,1.1,2.5,
2020-07-08 02:00:00,1.1,0.022,0.30,1.1,2.8,
2020-07-08 14:00:00,1.5,0.033,0.26,0.83,2.9,
2020-07-09 02:00:00,0.79,0.018,0.23,0.88,2.0,
2020-07-09 14:00:00,1.5,0.054,0.29,1.3,4.7,
2020-07-10 02:00:00,0.77,0.030,0.25,0.91,1.8,
2020-07-10 14:00:00,0.98,0.14,0.22,0.80,1.7,
2020-07-11 02:00:00,0.71,0.0030,0.18,0.74,1.4,
2020-07-11 14:00:00,0.70,0.11,0.18,0.62,1.2,
2020-07-12 02:00:00,0.72,0.0083,0.18,0.61,1.1,
2020-07-12 14:00:00,0.71,0.12,0.18,0.59,1.2,
2020-07-13 02:00:00,0.71,0.0076,0.18,0.62,1.1,
2020-07-13 14:00:00,1.4,0.097,0.23,0.81,3.5,
2020-07-14 02:00:00,0.86,0.034,0.20,0.95,2.5,
2020-07-14 14:00:00,1.2,0.030,0.17,0.81,2.2,
2020-07-15 02:00:00,0.85,0.040,0.14,0.86,2.0,
2020-07-15 14:00:00,1.0,0.14,1.9,2.3,5.0,
2020-07-16 02:00:00,0.92,0.022,0.22,0.82,1.7,
2020-07-16 14:00:00,0.97,0.15,0.27,0.90,1.7,
2020-07-17 02:00:00,1.0,0.033,0.23,0.91,2.2,
2020-07-17 14:00:00,0.79,0.21,0.20,1.1,2.1,
2020-07-18 02:00:00,1.5,0.012,0.23,0.82,3.8,
2020-07-18 14:00:00,0.77,0.044,0.18,0.81,1.6,
2020-07-19 02:00:00,1.1,0.024,0.31,0.92,2.8,
2020-07-19 14:00:00,1.2,0.10,0.25,0.90,2.1,
2020-07-20 02:00:00,1.1,0.017,0.23,0.87,3.0,
2020-07-20 14:00:00,1.2,0.049,0.31,0.98,2.4,
2020-07-21 02:00:00,0.82,0.0079,0.21,0.99,2.1,
2020-07-21 14:00:00,0.77,0.21,0.21,0.83,2.3,
2020-07-22 02:00:00,0.95,0.014,0.22,0.87,2.1,
2020-07-22 14:00:00,0.91,0.27,0.25,0.86,1.9,
2020-07-23 02:00:00,0.88,0.012,0.24,1.4,3.5,
2020-07-23 14:00:00,1.4,0.092,1.3,1.7,3.5,
2020-07-24 02:00:00,1.3,0.083,1.1,1.6,4.7,
2020-07-24 14:00:00,1.4,0.064,0.25,0.94,2.8,
2020-07-25 02:00:00,0.77,0.051,0.22,0.81,1.4,
2020-07-25 14:00:00,0.73,0.67,0.16,0.65,,
2020-07-26 02:00:00,0.70,0.19,0.18,0.66,,
2020-07-26 14:00:00,0.64,0.21,0.19,0.64,,
2020-07-27 02:00:00,,,,,,
2020-07-27 14:00:00,,,,,,
2020-07-28 02:00:00,,,,,,
2020-07-28 14:00:00,,,,,,
2020-07-29 02:00:00,,,,,,
2020-07-29 14:00:00,,,,,,
2020-07-30 02:00:00,,,,,,
2020-07-30 14:00:00,,,,,,
2020-07-31 02:00:00,,,,,,
2020-07-31 14:00:00,,,,,,
2020-08-01 02:00:00,,,,,,
2020-08-01 14:00:00,1.2,0.13,2.9,2.7,4.8,
2020-08-02 02:00:00,0.59,0.022,0.22,0.92,1.6,
2020-08-02 14:00:00,1.4,0.051,0.23,0.88,2.5,
2020-08-03 02:00:00,1.2,0.16,1.7,1.9,4.4,
2020-08-03 14:00:00,0.82,0.18,0.58,1.4,3.4,
2020-08-04 02:00:00,1.6,0.017,1.6,1.8,5.1,
2020-08-04 14:00:00,0.90,0.060,0.28,0.94,3.5,
2020-08-05 02:00:00,1.0,0.013,0.24,0.84,2.0,
2020-08-05 14:00:00,0.68,0.40,0.17,0.69,1.6,
2020-08-06 02:00:00,0.70,0.58,0.17,0.68,1.8,
2020-08-06 14:00:00,0.69,0.36,0.18,0.59,1.2,
2020-08-07 02:00:00,0.71,0.00028,0.17,0.60,1.1,
2020-08-07 14:00:00,0.70,0.40,0.17,0.58,1.5,
2020-08-08 02:00:00,0.70,0.59,0.18,0.60,1.6,
2020-08-08 14:00:00,0.70,0.35,0.18,0.60,1.2,
2020-08-09 02:00:00,0.71,0.00028,0.19,0.63,1.2,
2020-08-09 14:00:00,1.1,0.100,0.22,0.67,1.9,
2020-08-10 02:00:00,1.9,0.064,0.28,0.87,3.6,
2020-08-10 14:00:00,0.99,0.088,0.25,1.2,2.4,
2020-08-11 02:00:00,1.1,0.0086,1.6,1.8,4.4,
2020-08-11 14:00:00,1.5,0.094,0.27,0.94,3.8,
2020-08-12 02:00:00,1.6,0.014,0.27,0.92,5.1,
2020-08-12 14:00:00,1.3,0.12,0.26,0.97,2.7,
2020-08-13 02:00:00,1.1,0.017,0.25,0.88,2.9,
2020-08-13 14:00:00,0.76,0.13,0.27,0.87,2.2,
2020-08-14 02:00:00,1.7,0.030,0.24,0.86,4.0,
2020-08-14 14:00:00,0.70,0.17,0.26,1.3,2.4,
2020-08-15 02:00:00,1.2,0.043,0.24,0.81,2.6,
2020-08-15 14:00:00,1.1,0.13,0.27,0.93,2.3,
2020-08-16 02:00:00,0.73,0.013,0.24,0.91,1.8,
2020-08-16 14:00:00,0.93,0.19,0.23,1.2,2.1,
2020-08-17 02:00:00,1.5,0.0099,0.32,0.98,3.4,
2020-08-17 14:00:00,0.80,0.090,0.27,0.88,1.9,
2020-08-18 02:00:00,1.4,0.024,0.25,1.2,3.7,
2020-08-18 14:00:00,1.3,0.17,0.27,0.89,2.5,
2020-08-19 02:00:00,0.73,0.011,0.24,0.86,1.8,
2020-08-19 14:00:00,0.73,0.15,0.28,0.99,1.9,
2020-08-20 02:00:00,0.71,0.018,0.27,0.88,1.7,
2020-08-20 14:00:00,1.4,0.13,1.3,1.7,4.2,
2020-08-21 02:00:00,1.6,0.059,1.1,1.5,4.9,
2020-08-21 14:00:00,1.3,0.19,0.27,0.99,2.8,
2020-08-22 02:00:00,1.1,0.13,0.74,1.4,3.1,
2020-08-22 14:00:00,1.5,0.12,0.28,1.1,2.9,1.6
2020-08-23 02:00:00,0.91,0.12,0.26,0.91,2.4,1.4
2020-08-23 14:00:00,1.1,0.13,0.34,1.7,5.3,1.4
2020-08-24 02:00:00,1.1,0.021,1.6,2.3,4.4,2.5
2020-08-24 14:00:00,0.69,0.100,0.20,0.99,1.7,1.6
2020-08-25 02:00:00,1.0,0.023,0.23,1.4,3.9,11
2020-08-25 14:00:00,1.4,0.20,0.27,0.96,2.4,1.8
2020-08-26 02:00:00,1.2,0.033,0.29,0.93,3.3,1.4
2020-08-26 14:00:00,0.74,0.26,0.22,1.1,2.2,1.5
2020-08-27 02:00:00,2.0,0.053,0.26,0.89,4.3,1.9
2020-08-27 14:00:00,0.79,0.14,0.39,1.1,3.7,1.6
2020-08-28 02:00:00,1.3,0.054,1.1,1.5,4.1,1.8
2020-08-28 14:00:00,1.0,0.42,0.23,1.3,3.2,1.4
2020-08-29 02:00:00,1.1,0.16,0.25,1.3,2.6,1.3
2020-08-29 14:00:00,0.82,0.25,0.23,1.0,2.1,1.6
2020-08-30 02:00:00,1.1,0.097,1.4,2.1,4.2,12
2020-08-30 14:00:00,1.3,0.16,0.41,1.4,3.7,2.2
2020-08-31 02:00:00,1.2,0.045,0.24,0.94,3.4,
2020-08-31 14:00:00,1.00,0.085,0.37,1.0,2.7,
2020-09-01 02:00:00,1.4,0.028,1.5,1.7,4.6,
2020-09-01 14:00:00,1.1,0.21,0.23,0.91,2.9,
2020-09-02 02:00:00,1.2,0.039,1.1,1.4,4.1,
2020-09-02 14:00:00,1.3,0.17,0.25,0.88,1.9,1.5
2020-09-03 02:00:00,1.0,0.037,0.23,0.98,2.0,2.0
2020-09-03 14:00:00,1.2,0.13,0.22,0.94,2.0,1.7
2020-09-04 02:00:00,1.5,0.042,0.21,1.2,3.3,2.0
2020-09-04 14:00:00,0.71,0.18,0.20,0.90,1.6,1.5
2020-09-05 02:00:00,2.1,0.032,0.24,1.1,4.0,2.0
2020-09-05 14:00:00,0.98,0.096,0.23,1.0,2.8,1.8
2020-09-06 02:00:00,1.7,0.070,0.24,1.5,4.3,1.6
2020-09-06 14:00:00,1.3,0.085,0.19,0.88,2.6,4.3
2020-09-07 02:00:00,0.73,0.089,0.21,0.93,1.6,2.2
2020-09-07 14:00:00,0.91,0.088,0.23,0.88,2.3,1.6
2020-09-08 02:00:00,1.3,0.045,0.19,0.87,2.3,1.2
2020-09-08 14:00:00,0.88,0.068,0.26,1.3,2.5,1.9
2020-09-09 02:00:00,1.5,0.062,0.22,0.86,3.1,11
2020-09-09 14:00:00,1.1,0.14,0.24,1.1,2.4,1.7
2020-09-10 02:00:00,1.1,0.078,0.28,1.5,3.2,11
2020-09-10 14:00:00,1.2,0.098,0.24,0.91,2.1,1.5
2020-09-11 02:00:00,0.84,0.072,0.22,0.78,1.6,1.5
2020-09-11 14:00:00,1.5,0.16,0.23,0.77,2.9,1.7
2020-09-12 02:00:00,2.0,0.040,0.24,0.77,4.2,1.5
2020-09-12 14:00:00,1.3,0.22,0.21,0.84,1.8,1.5
2020-09-13 02:00:00,1.2,0.045,0.25,0.81,2.0,1.4
2020-09-13 14:00:00,0.91,0.12,0.25,0.96,2.0,1.5
2020-09-14 02:00:00,1.3,0.073,0.21,0.72,2.0,1.3
2020-09-14 14:00:00,1.3,0.14,1.7,2.0,3.6,7.2
2020-09-15 02:00:00,1.3,0.050,0.63,1.0,3.0,11
2020-09-15 14:00:00,1.2,0.15,0.24,0.74,2.0,1.7
2020-09-16 02:00:00,1.2,0.037,0.27,0.80,2.9,1.5
2020-09-16 14:00:00,1.6,0.12,0.17,0.78,3.0,1.5
2020-09-17 02:00:00,2.1,0.064,0.20,0.78,4.7,2.0
2020-09-17 14:00:00,1.3,0.16,0.22,0.75,2.2,1.7
2020-09-18 02:00:00,1.2,0.089,0.24,0.98,4.6,1.8
2020-09-18 14:00:00,0.85,0.084,0.23,0.73,1.6,1.7
2020-09-19 02:00:00,1.7,0.050,1.4,1.6,3.8,11
2020-09-19 14:00:00,1.0,0.18,0.41,0.88,2.5,1.5
2020-09-20 02:00:00,0.95,0.069,0.24,0.76,1.7,1.8
2020-09-20 14:00:00,1.3,0.15,0.17,1.1,2.0,1.7
2020-09-21 02:00:00,1.1,0.086,0.22,0.73,1.7,1.6
2020-09-21 14:00:00,0.83,0.31,0.42,0.84,2.5,1.7
2020-09-22 02:00:00,1.4,0.088,0.33,1.3,3.0,1.3
2020-09-22 14:00:00,1.1,0.23,0.21,0.75,2.1,1.5
2020-09-23 02:00:00,1.2,0.091,2.8,2.6,4.8,1.6
2020-09-23 14:00:00,1.3,0.16,0.47,0.95,3.1,1.5
2020-09-24 02:00:00,1.8,0.10,2.7,2.7,4.7,7.5
2020-09-24 14:00:00,1.4,0.19,0.94,1.2,3.3,1.5
2020-09-25 02:00:00,0.95,0.13,0.22,0.79,1.7,1.4
2020-09-25 14:00:00,0.86,0.24,0.20,0.82,1.7,1.7
2020-09-26 02:00:00,1.2,0.093,0.21,0.83,1.7,1.9
2020-09-26 14:00:00,1.1,0.20,0.64,0.99,2.2,1.7
2020-09-27 02:00:00,1.8,0.23,1.6,2.1,4.5,2.0
2020-09-27 14:00:00,1.3,0.33,0.17,0.71,2.3,1.6
2020-09-28 02:00:00,1.3,0.16,0.19,0.76,2.5,1.4
2020-09-28 14:00:00,1.3,0.20,0.20,0.92,2.5,1.6
2020-09-29 02:00:00,0.94,0.093,0.20,0.62,1.6,1.9
2020-09-29 14:00:00,1.3,0.18,0.20,0.73,2.2,1.5
2020-09-30 02:00:00,0.87,0.086,0.17,0.70,1.6,1.4
2020-09-30 14:00:00,0.96,0.17,0.24,0.95,2.0,1.9
2020-10-01 02:00:00,1.8,0.096,1.6,1.8,5.3,16
2020-10-01 14:00:00,1.0,0.24,1.1,1.6,4.6,1.5
2020-10-02 02:00:00,1.5,0.19,1.8,2.1,5.4,2.0
2020-10-02 14:00:00,1.5,0.26,0.20,0.97,3.1,1.7
2020-10-03 02:00:00,1.6,0.042,0.72,1.1,4.3,2.3
2020-10-03 14:00:00,2.4,0.33,0.25,1.7,5.2,1.5
2020-10-04 02:00:00,1.1,0.059,0.19,0.75,1.8,2.3
2020-10-04 14:00:00,1.7,0.29,0.20,0.85,2.6,1.5
2020-10-05 02:00:00,1.4,0.18,0.27,1.3,2.1,2.0
2020-10-05 14:00:00,1.5,0.29,0.17,0.81,4.5,1.8
2020-10-06 02:00:00,2.4,0.12,2.5,2.6,8.7,2.0
2020-10-06 14:00:00,1.1,0.21,0.21,0.75,2.0,1.5
2020-10-07 02:00:00,1.5,0.057,0.17,0.69,2.0,1.3
2020-10-07 14:00:00,1.1,0.20,0.26,0.81,2.7,1.6
2020-10-08 02:00:00,0.96,0.099,0.19,0.74,1.8,1.3
2020-10-08 14:00:00,1.7,0.25,0.24,0.75,2.4,1.5
2020-10-09 02:00:00,1.6,0.12,2.2,2.1,5.9,1.4
2020-10-09 14:00:00,1.0,0.16,0.21,0.74,1.9,1.5
2020-10-10 02:00:00,1.9,0.29,0.22,1.0,3.6,13
2020-10-10 14:00:00,1.4,0.27,0.16,0.77,2.5,1.6
2020-10-11 02:00:00,1.8,0.12,2.0,2.6,5.3,9.8
2020-10-11 14:00:00,1.4,0.28,0.39,1.1,3.8,1.5
2020-10-12 02:00:00,1.7,0.12,2.0,2.1,6.1,1.4
2020-10-12 14:00:00,1.0,0.16,0.18,0.71,2.2,1.9
2020-10-13 02:00:00,1.8,0.13,1.6,1.7,4.9,11
2020-10-13 14:00:00,1.1,0.23,0.19,0.75,2.1,1.7
2020-10-14 02:00:00,0.91,0.11,0.17,0.69,1.7,1.8
2020-10-14 14:00:00,1.6,0.24,0.23,0.78,3.3,1.8
2020-10-15 02:00:00,1.1,0.19,0.20,0.78,2.0,1.5
2020-10-15 14:00:00,1.1,0.25,0.18,1.1,2.1,1.6
2020-10-16 02:00:00,1.9,0.17,1.6,1.7,6.9,2.0
2020-10-16 14:00:00,0.91,0.16,0.17,0.76,2.0,1.9
2020-10-17 02:00:00,1.6,0.19,0.21,1.3,4.3,1.8
2020-10-17 14:00:00,1.5,0.22,0.19,0.75,2.9,1.5
2020-10-18 02:00:00,1.4,0.19,1.8,1.8,5.0,1.4
2020-10-18 14:00:00,2.0,0.29,1.5,1.6,6.1,1.9
2020-10-19 02:00:00,0.99,0.087,0.18,0.70,1.8,1.7
2020-10-19 14:00:00,1.1,0.29,0.18,0.69,2.1,1.6
2020-10-20 02:00:00,1.6,0.16,0.19,0.75,2.9,2.0
2020-10-20 14:00:00,1.2,0.22,0.20,0.77,2.0,1.5
2020-10-21 02:00:00,1.5,0.20,1.4,1.5,4.9,2.3
2020-10-21 14:00:00,2.3,0.44,0.18,1.6,4.0,1.7
2020-10-22 02:00:00,0.99,0.15,0.20,0.76,2.1,1.7
2020-10-22 14:00:00,1.7,0.49,1.8,1.9,5.6,1.8
2020-10-23 02:00:00,1.3,0.35,1.4,1.8,5.4,1.8
2020-10-23 14:00:00,1.3,0.42,0.49,0.81,2.0,1.7
2020-10-24 02:00:00,2.1,0.22,3.1,1.7,4.2,2.3
2020-10-24 14:00:00,1.9,0.57,2.2,1.8,6.8,1.7
2020-10-25 02:00:00,0.98,0.044,0.58,0.77,2.3,1.5
2020-10-25 13:00:00,1.6,0.46,0.43,0.83,3.3,2.4
2020-10-26 01:00:00,1.1,0.27,0.96,0.85,3.7,
2020-10-26 13:00:00,1.8,0.37,0.21,1.0,3.4,2.1
2020-10-27 01:00:00,1.9,0.12,1.9,1.8,5.0,13
2020-10-27 13:00:00,1.0,0.29,1.4,1.8,4.8,1.7
2020-10-28 01:00:00,1.8,0.16,0.16,0.79,3.8,2.2
2020-10-28 13:00:00,1.1,0.28,0.24,1.0,2.4,1.4
2020-10-29 01:00:00,1.0,0.19,0.20,0.79,2.4,2.0
2020-10-29 13:00:00,1.8,0.40,0.18,0.85,2.7,1.5
2020-10-30 01:00:00,1.6,0.052,2.0,2.0,5.4,2.1
2020-10-30 13:00:00,1.8,0.38,0.24,0.85,3.4,1.9
2020-10-31 01:00:00,1.5,0.044,1.6,1.9,4.8,2.3
2020-10-31 13:00:00,1.3,0.24,0.21,0.83,3.2,2.1
2020-11-01 01:00:00,1.8,0.11,0.22,1.1,3.8,2.8
2020-11-01 13:00:00,2.2,0.41,0.22,0.86,3.1,1.8
2020-11-02 01:00:00,1.2,0.072,0.19,0.76,2.9,1.5
2020-11-02 13:00:00,,,,,2.8,1.7
2020-11-03 01:00:00,,,,,1.6,1.9
2020-11-03 13:00:00,1.4,0.60,0.16,0.81,3.1,1.8
2020-11-04 01:00:00,2.4,0.25,2.4,2.3,8.1,7.0
2020-11-04 13:00:00,1.6,0.46,1.3,1.5,3.3,1.5
2020-11-05 01:00:00,1.3,0.18,0.25,0.86,2.4,1.9
2020-11-05 13:00:00,1.9,0.36,0.23,1.1,3.5,2.0
2020-11-06 01:00:00,1.1,0.18,0.18,0.81,2.4,1.5
2020-11-06 13:00:00,1.6,0.45,0.16,0.74,2.4,2.0
2020-11-07 01:00:00,1.8,0.080,2.3,2.2,6.2,8.2
2020-11-07 13:00:00,1.0,0.32,1.6,1.8,4.7,1.6
2020-11-08 01:00:00,2.4,0.12,0.95,1.2,5.3,12
2020-11-08 13:00:00,1.5,0.21,1.5,1.8,5.4,1.8
2020-11-09 01:00:00,1.1,0.096,0.19,0.76,2.2,1.4
2020-11-09 13:00:00,1.1,0.29,0.18,0.79,2.1,1.7
2020-11-10 01:00:00,1.9,0.095,1.8,1.9,,11
2020-11-10 13:00:00,0.99,0.37,0.19,0.92,,1.5
2020-11-11 01:00:00,1.9,0.087,1.2,1.5,,1.6
2020-11-11 13:00:00,0.86,0.37,0.21,1.1,,1.8
2020-11-12 01:00:00,1.2,0.13,0.20,0.77,4.6,1.9
2020-11-12 13:00:00,1.1,0.40,0.17,0.81,4.3,1.7
2020-11-13 01:00:00,1.7,0.12,1.9,2.0,5.5,11
2020-11-13 13:00:00,1.3,0.31,0.19,0.83,2.6,4.6
2020-11-14 01:00:00,1.1,0.063,0.20,0.87,2.3,1.5
2020-11-14 13:00:00,1.6,0.31,0.17,1.0,3.9,1.6
2020-11-15 01:00:00,1.4,0.077,0.22,0.97,3.8,1.7
2020-11-15 13:00:00,1.6,0.35,1.1,1.8,6.0,1.7
2020-11-16 01:00:00,1.0,0.13,0.20,0.88,2.4,2.0
2020-11-16 13:00:00,1.7,0.29,0.24,1.0,3.7,1.8
2020-11-17 01:00:00,1.3,0.091,0.90,1.2,3.8,7.5
2020-11-17 13:00:00,1.5,0.41,1.3,1.5,5.3,1.6
2020-11-18 01:00:00,1.4,0.049,1.3,1.4,3.9,7.2
2020-11-18 13:00:00,1.7,0.37,2.4,2.9,5.6,1.6
2020-11-19 01:00:00,1.2,0.15,0.19,0.79,2.7,2.1
2020-11-19 13:00:00,1.6,0.42,0.18,0.81,3.8,1.7
2020-11-20 01:00:00,1.4,0.091,1.3,1.5,5.0,12
2020-11-20 13:00:00,1.1,0.33,0.54,1.1,2.9,1.8
2020-11-21 01:00:00,1.7,0.28,0.82,1.2,4.2,2.9
2020-11-21 13:00:00,1.8,0.40,0.34,1.1,3.7,1.6
2020-11-22 01:00:00,1.9,0.10,0.23,0.86,3.2,2.6
2020-11-22 13:00:00,1.9,0.35,0.22,1.0,3.8,2.0
2020-11-23 01:00:00,1.7,0.12,0.25,0.78,3.5,1.5
2020-11-23 13:00:00,1.4,0.32,0.25,1.1,3.2,2.1
2020-11-24 01:00:00,1.9,0.093,1.7,1.8,6.7,1.7
2020-11-24 13:00:00,0.94,0.37,0.23,0.99,2.6,2.1
2020-11-25 01:00:00,1.7,0.12,0.24,1.1,3.1,2.9
2020-11-25 13:00:00,1.2,0.38,0.19,1.0,2.6,1.8
2020-11-26 01:00:00,2.0,0.16,1.6,1.9,6.4,1.7
2020-11-26 13:00:00,1.2,0.43,0.21,0.84,2.9,1.9
2020-11-27 01:00:00,1.5,0.12,0.89,1.2,5.0,12
2020-11-27 13:00:00,1.6,0.24,1.7,1.8,5.4,1.9
2020-11-28 01:00:00,0.94,0.067,0.22,0.80,2.0,1.9
2020-11-28 13:00:00,1.5,0.24,0.37,1.0,3.7,2.2
2020-11-29 01:00:00,1.1,0.18,0.23,0.85,2.5,2.3
2020-11-29 13:00:00,1.5,0.40,0.24,0.85,3.0,1.9
2020-11-30 01:00:00,1.4,0.19,1.2,1.5,4.3,1.9
2020-11-30 13:00:00,1.1,0.43,0.24,0.96,2.3,2.2
2020-12-01 01:00:00,1.4,0.14,0.19,0.76,3.1,1.5
2020-12-01 13:00:00,1.4,0.39,1.9,2.2,5.1,1.9
2020-12-02 01:00:00,1.6,0.24,0.27,0.88,4.0,3.4
2020-12-02 13:00:00,2.1,0.46,0.90,1.4,4.4,2.0
2020-12-03 01:00:00,1.4,0.14,1.4,1.6,4.5,1.5
2020-12-03 13:00:00,1.0,0.42,0.19,1.2,2.8,1.9
2020-12-04 01:00:00,1.6,0.33,0.23,0.81,3.2,2.2
2020-12-04 13:00:00,1.2,0.74,0.21,1.1,3.5,2.0
2020-12-05 01:00:00,0.99,0.091,0.21,0.80,2.0,1.7
2020-12-05 13:00:00,1.5,0.40,0.25,1.1,3.6,1.9
2020-12-06 01:00:00,1.0,0.080,0.27,0.88,2.5,2.4
2020-12-06 13:00:00,1.3,0.50,0.27,0.94,2.8,1.7
2020-12-07 01:00:00,1.7,0.21,1.4,1.6,5.2,10
2020-12-07 13:00:00,1.3,0.47,0.19,0.76,2.2,1.6
2020-12-08 01:00:00,2.4,0.14,3.0,3.0,8.8,2.8
2020-12-08 13:00:00,1.2,0.45,0.98,1.5,5.1,1.9
2020-12-09 01:00:00,1.1,0.29,0.22,0.82,2.5,2.1
2020-12-09 13:00:00,1.7,0.46,0.19,0.87,4.2,2.1
2020-12-10 01:00:00,2.5,0.14,0.22,0.85,7.5,12
2020-12-10 13:00:00,1.4,0.36,2.9,3.0,7.4,1.8
2020-12-11 01:00:00,1.5,0.27,1.4,1.8,5.0,2.2
2020-12-11 13:00:00,1.5,0.36,0.36,1.2,3.7,1.9
2020-12-12 01:00:00,0.98,0.17,0.22,0.85,2.2,1.8
2020-12-12 13:00:00,1.3,0.38,0.76,1.3,4.4,1.9
2020-12-13 01:00:00,0.95,0.13,0.21,0.84,2.1,1.5
2020-12-13 13:00:00,1.6,0.44,0.16,0.83,2.9,1.7
2020-12-14 01:00:00,1.1,0.16,0.30,0.85,2.5,1.5
2020-12-14 13:00:00,1.0,0.39,0.18,0.87,2.4,2.0
2020-12-15 01:00:00,1.8,0.18,0.23,0.88,4.3,2.0
2020-12-15 13:00:00,1.4,0.35,1.6,1.9,5.1,1.9
2020-12-16 01:00:00,1.6,0.12,0.23,1.1,3.8,3.1
2020-12-16 13:00:00,0.98,0.39,0.42,0.94,3.0,2.1
2020-12-17 01:00:00,1.1,0.26,0.24,0.78,2.4,2.2
2020-12-17 13:00:00,1.8,0.44,1.6,1.9,6.2,1.8
2020-12-18 01:00:00,1.7,0.19,2.0,2.0,5.5,2.3
2020-12-18 13:00:00,1.5,0.28,0.24,1.1,3.2,2.1
2020-12-19 01:00:00,1.5,0.13,0.50,1.00,3.8,13
2020-12-19 13:00:00,1.5,0.46,1.3,1.6,6.3,1.9
2020-12-20 01:00:00,1.2,0.35,0.31,1.3,4.1,11
2020-12-20 13:00:00,1.6,0.37,0.18,0.94,3.1,1.9
2020-12-21 01:00:00,1.1,0.16,0.19,1.1,2.9,1.6
2020-12-21 13:00:00,1.5,0.54,0.13,0.82,3.0,1.6
2020-12-22 01:00:00,0.95,0.099,0.17,0.77,2.3,1.9
2020-12-22 13:00:00,1.6,0.38,0.11,0.78,2.9,2.4
2020-12-23 01:00:00,1.7,0.16,0.26,0.92,4.0,19
2020-12-23 13:00:00,1.0,0.39,2.1,2.3,7.0,1.7
2020-12-24 01:00:00,1.5,0.32,0.20,0.90,3.8,2.3
2020-12-24 13:00:00,1.2,0.36,0.20,1.00,2.7,2.1
2020-12-25 01:00:00,0.96,0.28,0.22,0.83,2.2,1.6
2020-12-25 13:00:00,1.5,0.46,0.20,1.3,3.8,2.2
2020-12-26 01:00:00,1.4,0.23,1.7,1.8,5.2,12
2020-12-26 13:00:00,0.88,0.49,0.78,1.2,3.9,1.8
2020-12-27 01:00:00,1.7,0.12,0.26,0.86,3.6,1.9
2020-12-27 13:00:00,1.5,0.42,0.45,1.0,3.9,1.9
2020-12-28 01:00:00,1.1,0.28,0.20,0.84,2.5,1.9
2020-12-28 13:00:00,1.9,0.57,1.1,1.7,4.9,1.7
2020-12-29 01:00:00,1.9,0.31,1.9,2.0,7.6,7.7
2020-12-29 13:00:00,1.6,0.33,0.94,1.4,5.6,1.9
2020-12-30 01:00:00,1.1,0.19,0.20,1.1,2.7,8.4
2020-12-30 13:00:00,0.95,0.40,0.20,1.8,3.4,1.6
2020-12-31 01:00:00,1.0,0.18,0.25,0.90,2.5,1.7
2020-12-31 13:00:00,1.5,0.44,0.26,1.1,3.0,1.6
2021-01-01 01:00:00,2.0,0.16,0.91,1.3,4.9,7.6
2021-01-01 13:00:00,1.2,0.42,0.99,1.6,5.3,1.7
2021-01-02 01:00:00,1.3,0.40,0.19,0.84,3.2,2.7
2021-01-02 13:00:00,1.2,0.49,0.19,0.91,3.5,1.6
2021-01-03 01:00:00,1.0,0.33,0.21,1.1,3.0,2.6
2021-01-03 13:00:00,1.5,0.30,0.17,0.91,2.9,2.0
2021-01-04 01:00:00,0.94,0.27,0.42,0.91,3.8,2.1
2021-01-04 13:00:00,1.6,0.46,0.29,0.92,3.4,2.0
2021-01-05 01:00:00,1.2,0.15,1.8,1.9,4.7,1.7
2021-01-05 13:00:00,1.0,0.32,0.18,0.90,2.8,1.8
2021-01-06 01:00:00,1.5,0.26,0.27,1.2,3.4,1.9
2021-01-06 13:00:00,1.7,0.39,0.36,0.94,3.7,1.9
2021-01-07 01:00:00,1.6,0.16,2.3,2.3,6.1,1.6
2021-01-07 13:00:00,0.94,0.34,0.19,0.85,2.2,1.8
2021-01-08 01:00:00,1.2,0.16,0.18,0.77,2.4,1.7
2021-01-08 13:00:00,1.5,0.27,1.2,1.5,5.6,2.3
2021-01-09 01:00:00,1.3,0.11,0.16,0.87,2.6,1.9
2021-01-09 13:00:00,1.1,0.27,0.22,0.91,2.6,2.1
2021-01-10 01:00:00,1.2,0.22,0.21,1.2,4.2,2.6
2021-01-10 13:00:00,1.9,0.47,0.28,1.0,4.1,1.9
2021-01-11 01:00:00,2.0,0.16,1.6,1.7,8.4,7.9
2021-01-11 13:00:00,1.2,0.49,3.4,3.1,6.2,2.6

