"Time","Salon","2ème étage","Chambre 3","Chambre 2"
2020-01-11 13:00:00,418,351,415,447
2020-01-12 01:00:00,586,616,525,1074
2020-01-12 13:00:00,737,707,899,1035
2020-01-13 01:00:00,596,637,1244,1232
2020-01-13 13:00:00,737,746,980,1103
2020-01-14 01:00:00,595,667,1256,1243
2020-01-14 13:00:00,741,720,969,1043
2020-01-15 01:00:00,621,690,1081,1239
2020-01-15 13:00:00,708,661,854,974
2020-01-16 01:00:00,616,684,1151,1204
2020-01-16 13:00:00,772,777,1071,1152
2020-01-17 01:00:00,653,701,1056,632
2020-01-17 13:00:00,808,779,1081,1157
2020-01-18 01:00:00,688,748,1254,1053
2020-01-18 13:00:00,906,898,1131,1254
2020-01-19 01:00:00,697,756,1181,1415
2020-01-19 13:00:00,846,756,1038,1162
2020-01-20 01:00:00,674,693,1217,1401
2020-01-20 13:00:00,457,386,524,488
2020-01-21 01:00:00,431,370,490,450
2020-01-21 13:00:00,711,635,876,986
2020-01-22 01:00:00,597,672,1286,1271
2020-01-22 13:00:00,652,630,830,893
2020-01-23 01:00:00,604,671,1191,1321
2020-01-23 13:00:00,813,743,1158,1180
2020-01-24 01:00:00,590,686,1322,808
2020-01-24 13:00:00,863,870,1267,1422
2020-01-25 01:00:00,657,748,1396,983
2020-01-25 13:00:00,880,902,1074,1164
2020-01-26 01:00:00,727,852,1383,1308
2020-01-26 13:00:00,813,832,1019,1053
2020-01-27 01:00:00,736,886,1372,863
2020-01-27 13:00:00,767,945,1082,1010
2020-01-28 01:00:00,675,697,1140,1049
2020-01-28 13:00:00,799,752,1004,1000
2020-01-29 01:00:00,596,612,1093,1053
2020-01-29 13:00:00,688,539,728,828
2020-01-30 01:00:00,578,587,1007,1406
2020-01-30 13:00:00,545,506,611,545
2020-01-31 01:00:00,507,513,569,515
2020-01-31 13:00:00,579,563,680,463
2020-02-01 01:00:00,688,738,1196,854
2020-02-01 13:00:00,1280,1311,1365,1591
2020-02-02 01:00:00,802,905,1423,908
2020-02-02 13:00:00,1009,990,1167,965
2020-02-03 01:00:00,671,677,1185,604
2020-02-03 13:00:00,849,708,987,1065
2020-02-04 01:00:00,688,682,1127,724
2020-02-04 13:00:00,829,788,1003,1153
2020-02-05 01:00:00,586,680,1152,1240
2020-02-05 13:00:00,633,640,713,822
2020-02-06 01:00:00,645,756,1079,1166
2020-02-06 13:00:00,777,845,928,984
2020-02-07 01:00:00,619,726,1110,1196
2020-02-07 13:00:00,680,713,886,1003
2020-02-08 01:00:00,620,870,1030,1306
2020-02-08 13:00:00,734,837,822,904
2020-02-09 01:00:00,637,860,1168,1298
2020-02-09 13:00:00,770,822,872,973
2020-02-10 01:00:00,,,,
2020-02-10 13:00:00,1054,957,1171,1119
2020-02-11 01:00:00,772,887,1298,760
2020-02-11 13:00:00,790,761,927,926
2020-02-12 01:00:00,640,776,1199,1260
2020-02-12 13:00:00,631,654,705,805
2020-02-13 01:00:00,579,668,1107,1092
2020-02-13 13:00:00,785,745,855,883
2020-02-14 01:00:00,725,848,1155,1385
2020-02-14 13:00:00,650,650,782,607
2020-02-15 01:00:00,714,826,1172,1096
2020-02-15 13:00:00,847,751,885,974
2020-02-16 01:00:00,724,789,1066,1126
2020-02-16 13:00:00,787,719,847,974
2020-02-17 01:00:00,750,777,1318,820
2020-02-17 13:00:00,967,913,1089,1229
2020-02-18 01:00:00,614,697,1152,1193
2020-02-18 13:00:00,643,621,677,763
2020-02-19 01:00:00,629,738,1072,1021
2020-02-19 13:00:00,609,593,651,778
2020-02-20 01:00:00,615,702,1067,1279
2020-02-20 13:00:00,787,726,900,1002
2020-02-21 01:00:00,766,761,1224,998
2020-02-21 13:00:00,803,752,937,878
2020-02-22 01:00:00,638,808,1186,1480
2020-02-22 13:00:00,1042,1046,1259,1394
2020-02-23 01:00:00,756,866,1326,1224
2020-02-23 13:00:00,972,976,1030,1238
2020-02-24 01:00:00,702,818,1391,846
2020-02-24 13:00:00,734,748,857,986
2020-02-25 01:00:00,699,747,1283,805
2020-02-25 13:00:00,717,659,711,835
2020-02-26 01:00:00,684,712,1142,1356
2020-02-26 13:00:00,756,715,989,985
2020-02-27 01:00:00,632,658,1262,1156
2020-02-27 13:00:00,816,666,900,950
2020-02-28 01:00:00,695,743,1305,1382
2020-02-28 13:00:00,459,433,507,421
2020-02-29 01:00:00,453,429,551,398
2020-02-29 13:00:00,471,408,492,404
2020-03-01 01:00:00,467,418,617,416
2020-03-01 13:00:00,452,402,554,404
2020-03-02 01:00:00,442,417,524,382
2020-03-02 13:00:00,454,414,403,355
2020-03-03 01:00:00,422,412,364,367
2020-03-03 13:00:00,490,410,389,387
2020-03-04 01:00:00,491,414,397,391
2020-03-04 13:00:00,492,401,384,378
2020-03-05 01:00:00,482,391,475,383
2020-03-05 13:00:00,489,387,439,379
2020-03-06 01:00:00,476,370,381,387
2020-03-06 13:00:00,492,422,365,387
2020-03-07 01:00:00,492,440,373,390
2020-03-07 13:00:00,671,509,620,753
2020-03-08 01:00:00,789,598,774,865
2020-03-08 13:00:00,881,667,834,877
2020-03-09 01:00:00,833,798,1206,1258
2020-03-09 13:00:00,991,837,1084,960
2020-03-10 01:00:00,694,672,1211,1103
2020-03-10 13:00:00,924,701,895,958
2020-03-11 01:00:00,815,750,1239,1314
2020-03-11 13:00:00,930,654,924,1024
2020-03-12 01:00:00,791,732,1157,777
2020-03-12 13:00:00,1116,830,1150,1062
2020-03-13 01:00:00,821,872,1170,638
2020-03-13 13:00:00,1151,868,955,1034
2020-03-14 01:00:00,863,904,1461,1033
2020-03-14 13:00:00,1026,727,986,1205
2020-03-15 01:00:00,788,910,1171,706
2020-03-15 13:00:00,886,608,914,962
2020-03-16 01:00:00,807,842,1349,1023
2020-03-16 13:00:00,822,621,850,1178
2020-03-17 01:00:00,813,837,1331,900
2020-03-17 13:00:00,837,762,977,1044
2020-03-18 01:00:00,756,742,1456,895
2020-03-18 13:00:00,845,807,1025,918
2020-03-19 01:00:00,796,752,1402,884
2020-03-19 13:00:00,979,868,1240,1185
2020-03-20 01:00:00,733,725,1350,736
2020-03-20 13:00:00,749,676,808,1038
2020-03-21 01:00:00,860,759,1378,840
2020-03-21 13:00:00,976,836,1075,1212
2020-03-22 01:00:00,789,778,1466,1180
2020-03-22 13:00:00,1005,818,1210,1455
2020-03-23 01:00:00,820,753,1250,1426
2020-03-23 13:00:00,1053,967,1166,1332
2020-03-24 01:00:00,898,812,1243,1204
2020-03-24 13:00:00,770,747,890,1026
2020-03-25 01:00:00,811,798,1263,1456
2020-03-25 13:00:00,1037,951,1230,1238
2020-03-26 01:00:00,755,764,1314,1001
2020-03-26 13:00:00,995,883,1135,1307
2020-03-27 01:00:00,755,770,1273,827
2020-03-27 13:00:00,1011,924,1053,1274
2020-03-28 01:00:00,797,789,1297,1086
2020-03-28 13:00:00,892,841,1076,1184
2020-03-29 01:00:00,809,788,1348,811
2020-03-29 14:00:00,1087,955,1376,1110
2020-03-30 02:00:00,818,829,1475,794
2020-03-30 14:00:00,1302,962,1539,1529
2020-03-31 02:00:00,878,760,1329,1352
2020-03-31 14:00:00,953,791,1167,1267
2020-04-01 02:00:00,774,764,1263,1090
2020-04-01 14:00:00,742,683,990,1025
2020-04-02 02:00:00,735,732,1400,1019
2020-04-02 14:00:00,727,807,1043,1263
2020-04-03 02:00:00,730,677,1186,1273
2020-04-03 14:00:00,690,815,916,1110
2020-04-04 02:00:00,664,709,1231,1219
2020-04-04 14:00:00,805,770,956,1076
2020-04-05 02:00:00,724,786,1403,951
2020-04-05 14:00:00,630,617,897,1020
2020-04-06 02:00:00,693,797,1227,845
2020-04-06 14:00:00,685,597,853,946
2020-04-07 02:00:00,729,734,1294,940
2020-04-07 14:00:00,1022,876,1049,1094
2020-04-08 02:00:00,745,799,1422,904
2020-04-08 14:00:00,665,618,985,859
2020-04-09 02:00:00,663,688,1343,810
2020-04-09 14:00:00,704,586,1092,1047
2020-04-10 02:00:00,598,479,1282,609
2020-04-10 14:00:00,726,581,1017,1073
2020-04-11 02:00:00,734,638,1447,947
2020-04-11 14:00:00,751,536,952,1125
2020-04-12 02:00:00,634,494,1081,1068
2020-04-12 14:00:00,905,849,1067,975
2020-04-13 02:00:00,655,749,1195,715
2020-04-13 14:00:00,717,707,904,897
2020-04-14 02:00:00,700,847,1305,927
2020-04-14 14:00:00,710,697,957,961
2020-04-15 02:00:00,630,660,1283,474
2020-04-15 14:00:00,769,662,999,893
2020-04-16 02:00:00,787,748,1283,859
2020-04-16 14:00:00,793,678,1062,980
2020-04-17 02:00:00,650,802,1081,670
2020-04-17 14:00:00,773,598,954,766
2020-04-18 02:00:00,590,739,1090,575
2020-04-18 14:00:00,853,695,1067,968
2020-04-19 02:00:00,796,961,1196,783
2020-04-19 14:00:00,643,742,974,653
2020-04-20 02:00:00,732,788,1302,858
2020-04-20 14:00:00,955,635,1182,979
2020-04-21 02:00:00,623,670,1354,738
2020-04-21 14:00:00,648,620,890,567
2020-04-22 02:00:00,558,745,1081,474
2020-04-22 14:00:00,597,543,909,967
2020-04-23 02:00:00,617,626,1127,705
2020-04-23 14:00:00,647,569,858,961
2020-04-24 02:00:00,541,615,1076,627
2020-04-24 14:00:00,566,541,836,834
2020-04-25 02:00:00,597,701,1163,960
2020-04-25 14:00:00,628,517,992,676
2020-04-26 02:00:00,828,864,1346,978
2020-04-26 14:00:00,672,712,1019,1043
2020-04-27 02:00:00,625,650,1158,667
2020-04-27 14:00:00,911,798,1166,1049
2020-04-28 02:00:00,788,883,1057,791
2020-04-28 14:00:00,881,918,1129,664
2020-04-29 02:00:00,628,872,1255,576
2020-04-29 14:00:00,746,802,963,963
2020-04-30 02:00:00,871,998,1538,1292
2020-04-30 14:00:00,883,1006,1289,1291
2020-05-01 02:00:00,733,863,1288,1136
2020-05-01 14:00:00,1064,1025,1206,1272
2020-05-02 02:00:00,817,947,1447,1333
2020-05-02 14:00:00,1424,1537,1518,1410
2020-05-03 02:00:00,1015,1231,1160,1136
2020-05-03 14:00:00,1087,1007,1289,1049
2020-05-04 02:00:00,770,876,997,882
2020-05-04 14:00:00,770,677,1058,976
2020-05-05 02:00:00,636,885,969,677
2020-05-05 14:00:00,785,670,1071,948
2020-05-06 02:00:00,798,876,942,873
2020-05-06 14:00:00,960,812,1392,1272
2020-05-07 02:00:00,562,644,1099,659
2020-05-07 14:00:00,670,701,994,613
2020-05-08 02:00:00,618,747,935,604
2020-05-08 14:00:00,975,449,1121,1038
2020-05-09 02:00:00,689,770,593,483
2020-05-09 14:00:00,722,560,1091,983
2020-05-10 02:00:00,658,579,1105,795
2020-05-10 14:00:00,964,763,1280,1198
2020-05-11 02:00:00,715,814,1129,860
2020-05-11 14:00:00,878,788,1333,1233
2020-05-12 02:00:00,613,694,1302,831
2020-05-12 14:00:00,765,737,1035,913
2020-05-13 02:00:00,886,1053,1556,1472
2020-05-13 14:00:00,866,1007,1278,1780
2020-05-14 02:00:00,821,968,1402,2105
2020-05-14 14:00:00,1120,1002,1348,1642
2020-05-15 02:00:00,806,1009,1198,2063
2020-05-15 14:00:00,796,897,1057,1405
2020-05-16 02:00:00,716,747,827,1872
2020-05-16 14:00:00,648,664,1025,1009
2020-05-17 02:00:00,613,740,1357,1513
2020-05-17 14:00:00,679,701,1077,1370
2020-05-18 02:00:00,708,813,1092,1824
2020-05-18 14:00:00,865,628,1170,1444
2020-05-19 02:00:00,647,674,1354,1667
2020-05-19 14:00:00,920,631,1163,1141
2020-05-20 02:00:00,613,672,1303,940
2020-05-20 14:00:00,844,506,1125,1057
2020-05-21 02:00:00,539,656,1382,766
2020-05-21 14:00:00,862,655,1221,1310
2020-05-22 02:00:00,526,596,1315,1609
2020-05-22 14:00:00,677,645,919,1171
2020-05-23 02:00:00,626,977,1297,1549
2020-05-23 14:00:00,865,628,1139,793
2020-05-24 02:00:00,656,605,1205,588
2020-05-24 14:00:00,822,646,1042,836
2020-05-25 02:00:00,721,839,1266,1171
2020-05-25 14:00:00,769,575,917,807
2020-05-26 02:00:00,778,766,1410,1500
2020-05-26 14:00:00,804,574,881,1256
2020-05-27 02:00:00,629,707,1132,1529
2020-05-27 14:00:00,925,684,1066,1001
2020-05-28 02:00:00,656,705,1024,1182
2020-05-28 14:00:00,1046,569,1270,1864
2020-05-29 02:00:00,664,579,1428,2240
2020-05-29 14:00:00,864,573,1085,1655
2020-05-30 02:00:00,602,520,1219,2534
2020-05-30 14:00:00,847,591,991,1311
2020-05-31 02:00:00,642,510,1186,2348
2020-05-31 14:00:00,641,455,835,1663
2020-06-01 02:00:00,552,597,1226,1965
2020-06-01 14:00:00,720,478,840,1335
2020-06-02 02:00:00,543,522,1048,1622
2020-06-02 14:00:00,788,489,945,1094
2020-06-03 02:00:00,519,462,1143,1419
2020-06-03 14:00:00,676,568,851,621
2020-06-04 02:00:00,798,725,1429,805
2020-06-04 14:00:00,1089,1036,1421,1569
2020-06-05 02:00:00,769,972,1433,1722
2020-06-05 14:00:00,1102,1025,1407,1646
2020-06-06 02:00:00,716,1101,1539,2262
2020-06-06 14:00:00,904,835,1046,1324
2020-06-07 02:00:00,838,959,1482,1957
2020-06-07 14:00:00,632,771,908,736
2020-06-08 02:00:00,801,826,1284,1185
2020-06-08 14:00:00,728,784,1185,1420
2020-06-09 02:00:00,864,910,1438,1856
2020-06-09 14:00:00,1136,1364,1275,1613
2020-06-10 02:00:00,721,942,857,1751
2020-06-10 14:00:00,791,1040,1080,1373
2020-06-11 02:00:00,614,890,1333,2001
2020-06-11 14:00:00,562,563,812,1426
2020-06-12 02:00:00,714,920,1598,1762
2020-06-12 14:00:00,638,651,995,1196
2020-06-13 02:00:00,697,865,1386,1732
2020-06-13 14:00:00,731,939,1062,1229
2020-06-14 02:00:00,773,1265,1396,1839
2020-06-14 14:00:00,592,690,1012,1084
2020-06-15 02:00:00,642,892,1367,1957
2020-06-15 14:00:00,1050,948,1542,1688
2020-06-16 02:00:00,635,778,1575,1854
2020-06-16 14:00:00,578,539,943,1074
2020-06-17 02:00:00,645,725,1550,1760
2020-06-17 14:00:00,599,664,884,1034
2020-06-18 02:00:00,577,636,1308,1662
2020-06-18 14:00:00,757,715,1123,1065
2020-06-19 02:00:00,673,683,1490,1564
2020-06-19 14:00:00,608,569,861,474
2020-06-20 02:00:00,607,691,1306,758
2020-06-20 14:00:00,710,534,1095,1115
2020-06-21 02:00:00,602,619,1418,2479
2020-06-21 14:00:00,685,439,765,690
2020-06-22 02:00:00,497,447,588,473
2020-06-22 14:00:00,867,458,1158,771
2020-06-23 02:00:00,542,427,1121,520
2020-06-23 14:00:00,875,447,1263,1041
2020-06-24 02:00:00,631,519,1540,1076
2020-06-24 14:00:00,824,504,1267,1071
2020-06-25 02:00:00,631,503,1511,1201
2020-06-25 14:00:00,1281,509,1445,1518
2020-06-26 02:00:00,596,535,1205,542
2020-06-26 14:00:00,579,446,600,550
2020-06-27 02:00:00,590,465,614,560
2020-06-27 14:00:00,583,392,594,542
2020-06-28 02:00:00,584,451,601,550
2020-06-28 14:00:00,607,424,702,699
2020-06-29 02:00:00,601,476,855,964
2020-06-29 14:00:00,706,585,923,987
2020-06-30 02:00:00,449,425,707,800
2020-06-30 14:00:00,873,516,1085,1399
2020-07-01 02:00:00,581,479,1046,1671
2020-07-01 14:00:00,735,513,1092,1014
2020-07-02 02:00:00,597,540,1089,1053
2020-07-02 14:00:00,911,528,1100,1013
2020-07-03 02:00:00,511,518,1022,793
2020-07-03 14:00:00,584,550,674,762
2020-07-04 02:00:00,478,666,1092,1252
2020-07-04 14:00:00,815,588,1282,1424
2020-07-05 02:00:00,538,694,1384,1753
2020-07-05 14:00:00,746,430,920,1045
2020-07-06 02:00:00,539,457,1215,1412
2020-07-06 14:00:00,605,420,776,1059
2020-07-07 02:00:00,461,549,944,1213
2020-07-07 14:00:00,730,626,988,1176
2020-07-08 02:00:00,529,630,1254,1520
2020-07-08 14:00:00,712,457,943,1262
2020-07-09 02:00:00,521,480,934,1441
2020-07-09 14:00:00,1179,486,1233,1428
2020-07-10 02:00:00,776,716,1358,1853
2020-07-10 14:00:00,1155,619,1039,1037
2020-07-11 02:00:00,684,625,733,757
2020-07-11 14:00:00,584,448,561,577
2020-07-12 02:00:00,589,466,538,543
2020-07-12 14:00:00,552,412,517,530
2020-07-13 02:00:00,578,457,530,539
2020-07-13 14:00:00,952,553,960,1548
2020-07-14 02:00:00,482,504,813,1230
2020-07-14 14:00:00,522,411,601,948
2020-07-15 02:00:00,483,445,726,1084
2020-07-15 14:00:00,462,427,608,704
2020-07-16 02:00:00,500,439,634,1162
2020-07-16 14:00:00,596,522,757,693
2020-07-17 02:00:00,618,775,1124,1239
2020-07-17 14:00:00,781,591,900,1240
2020-07-18 02:00:00,555,512,904,1727
2020-07-18 14:00:00,649,482,660,715
2020-07-19 02:00:00,568,578,1098,1734
2020-07-19 14:00:00,1100,521,1176,1844
2020-07-20 02:00:00,605,531,1185,2469
2020-07-20 14:00:00,868,443,988,1761
2020-07-21 02:00:00,553,480,1103,1769
2020-07-21 14:00:00,1113,525,1038,1305
2020-07-22 02:00:00,669,505,1081,2055
2020-07-22 14:00:00,814,515,941,1277
2020-07-23 02:00:00,582,499,1022,1422
2020-07-23 14:00:00,809,553,1114,1428
2020-07-24 02:00:00,462,449,783,1199
2020-07-24 14:00:00,618,457,917,930
2020-07-25 02:00:00,641,563,1418,1831
2020-07-25 14:00:00,636,443,596,593
2020-07-26 02:00:00,598,510,584,575
2020-07-26 14:00:00,584,423,547,543
2020-07-27 02:00:00,,,,
2020-07-27 14:00:00,,,,
2020-07-28 02:00:00,,,,
2020-07-28 14:00:00,,,,
2020-07-29 02:00:00,,,,
2020-07-29 14:00:00,,,,
2020-07-30 02:00:00,,,,
2020-07-30 14:00:00,,,,
2020-07-31 02:00:00,,,,
2020-07-31 14:00:00,,,,
2020-08-01 02:00:00,,,,
2020-08-01 14:00:00,740,430,698,734
2020-08-02 02:00:00,469,450,491,884
2020-08-02 14:00:00,493,618,560,722
2020-08-03 02:00:00,543,844,1095,1509
2020-08-03 14:00:00,540,593,545,890
2020-08-04 02:00:00,575,842,501,1732
2020-08-04 14:00:00,630,581,669,1093
2020-08-05 02:00:00,586,749,817,1598
2020-08-05 14:00:00,529,461,469,504
2020-08-06 02:00:00,539,493,463,493
2020-08-06 14:00:00,509,443,448,478
2020-08-07 02:00:00,540,444,457,486
2020-08-07 14:00:00,527,467,455,486
2020-08-08 02:00:00,557,,466,498
2020-08-08 14:00:00,541,,446,471
2020-08-09 02:00:00,574,,470,503
2020-08-09 14:00:00,912,497,711,1235
2020-08-10 02:00:00,656,535,607,1611
2020-08-10 14:00:00,1138,472,1172,1303
2020-08-11 02:00:00,498,469,468,1568
2020-08-11 14:00:00,898,462,822,1361
2020-08-12 02:00:00,708,519,1101,1701
2020-08-12 14:00:00,837,462,950,955
2020-08-13 02:00:00,516,473,887,1003
2020-08-13 14:00:00,624,494,661,893
2020-08-14 02:00:00,479,513,743,1331
2020-08-14 14:00:00,1040,697,1253,1768
2020-08-15 02:00:00,497,515,898,1668
2020-08-15 14:00:00,844,528,971,1210
2020-08-16 02:00:00,464,470,770,1071
2020-08-16 14:00:00,771,717,922,1114
2020-08-17 02:00:00,619,716,699,1817
2020-08-17 14:00:00,614,591,798,1167
2020-08-18 02:00:00,439,475,757,1102
2020-08-18 14:00:00,735,659,820,978
2020-08-19 02:00:00,618,584,1077,1691
2020-08-19 14:00:00,725,550,1049,657
2020-08-20 02:00:00,570,520,1286,1016
2020-08-20 14:00:00,718,453,746,985
2020-08-21 02:00:00,555,471,697,784
2020-08-21 14:00:00,808,476,849,905
2020-08-22 02:00:00,468,451,944,608
2020-08-22 14:00:00,550,448,663,1020
2020-08-23 02:00:00,473,461,477,1321
2020-08-23 14:00:00,569,505,689,746
2020-08-24 02:00:00,431,455,791,800
2020-08-24 14:00:00,714,625,824,1451
2020-08-25 02:00:00,476,545,916,1766
2020-08-25 14:00:00,725,657,814,875
2020-08-26 02:00:00,631,695,1034,1167
2020-08-26 14:00:00,707,528,747,1148
2020-08-27 02:00:00,488,459,961,1259
2020-08-27 14:00:00,782,551,960,1394
2020-08-28 02:00:00,553,500,1107,1716
2020-08-28 14:00:00,842,879,994,1151
2020-08-29 02:00:00,612,887,1181,1733
2020-08-29 14:00:00,677,681,742,797
2020-08-30 02:00:00,811,1071,1134,1624
2020-08-30 14:00:00,1139,1168,1199,1326
2020-08-31 02:00:00,776,1031,1255,1833
2020-08-31 14:00:00,696,751,916,1250
2020-09-01 02:00:00,667,839,1080,1516
2020-09-01 14:00:00,715,691,917,1030
2020-09-02 02:00:00,628,722,1208,1737
2020-09-02 14:00:00,860,878,1076,1339
2020-09-03 02:00:00,654,738,1265,1538
2020-09-03 14:00:00,688,724,1062,1161
2020-09-04 02:00:00,622,659,1257,1537
2020-09-04 14:00:00,566,493,586,535
2020-09-05 02:00:00,633,839,1134,1590
2020-09-05 14:00:00,937,586,1202,1479
2020-09-06 02:00:00,697,783,1360,2030
2020-09-06 14:00:00,585,602,849,919
2020-09-07 02:00:00,588,694,1138,1388
2020-09-07 14:00:00,587,515,844,923
2020-09-08 02:00:00,583,778,967,1396
2020-09-08 14:00:00,574,656,1000,1190
2020-09-09 02:00:00,576,670,1252,1666
2020-09-09 14:00:00,817,808,1224,1482
2020-09-10 02:00:00,599,738,1306,1803
2020-09-10 14:00:00,613,539,1045,1278
2020-09-11 02:00:00,538,491,1239,2527
2020-09-11 14:00:00,794,639,1114,1337
2020-09-12 02:00:00,626,547,1217,1687
2020-09-12 14:00:00,826,681,1215,1511
2020-09-13 02:00:00,587,512,1315,1917
2020-09-13 14:00:00,805,652,1367,1567
2020-09-14 02:00:00,512,506,1287,1648
2020-09-14 14:00:00,717,552,1116,1331
2020-09-15 02:00:00,606,488,1200,1642
2020-09-15 14:00:00,806,605,1221,1402
2020-09-16 02:00:00,444,466,922,1270
2020-09-16 14:00:00,532,486,932,1101
2020-09-17 02:00:00,455,463,1208,1449
2020-09-17 14:00:00,856,629,944,779
2020-09-18 02:00:00,,,,
2020-09-18 14:00:00,,,,
2020-09-19 02:00:00,,,,
2020-09-19 14:00:00,,,,
2020-09-20 02:00:00,,,,
2020-09-20 14:00:00,730,581,889,989
2020-09-21 02:00:00,632,607,1051,1291
2020-09-21 14:00:00,720,574,928,1089
2020-09-22 02:00:00,648,524,1188,1436
2020-09-22 14:00:00,730,714,984,1148
2020-09-23 02:00:00,766,932,1299,1714
2020-09-23 14:00:00,661,725,952,1106
2020-09-24 02:00:00,736,756,1107,1531
2020-09-24 14:00:00,969,875,1206,1378
2020-09-25 02:00:00,767,880,1347,1682
2020-09-25 14:00:00,880,935,1157,1007
2020-09-26 02:00:00,718,877,1286,1527
2020-09-26 14:00:00,913,995,1198,1318
2020-09-27 02:00:00,630,894,1516,2153
2020-09-27 14:00:00,,,,
2020-09-28 02:00:00,,,,
2020-09-28 14:00:00,1204,1266,1438,1702
2020-09-29 02:00:00,802,949,1327,1680
2020-09-29 14:00:00,880,888,986,1101
2020-09-30 02:00:00,725,903,1364,1753
2020-09-30 14:00:00,682,725,889,1027
2020-10-01 02:00:00,759,874,1210,1758
2020-10-01 14:00:00,1043,1116,1178,1349
2020-10-02 02:00:00,797,964,1425,1744
2020-10-02 14:00:00,1043,1052,1255,1187
2020-10-03 02:00:00,808,1109,1448,1885
2020-10-03 14:00:00,1137,1167,1287,1427
2020-10-04 02:00:00,945,1092,1401,1787
2020-10-04 14:00:00,1251,1336,1439,1606
2020-10-05 02:00:00,899,1170,1269,1886
2020-10-05 14:00:00,1232,1087,1117,1041
2020-10-06 02:00:00,,,,
2020-10-06 14:00:00,,,,
2020-10-07 02:00:00,,,,
2020-10-07 14:00:00,,,,
2020-10-08 02:00:00,,,,
2020-10-08 14:00:00,,,,
2020-10-09 02:00:00,,,,
2020-10-09 14:00:00,,,,
2020-10-10 02:00:00,,,,
2020-10-10 14:00:00,,,,
2020-10-11 02:00:00,,,,
2020-10-11 14:00:00,894,1026,1339,1653
2020-10-12 02:00:00,642,706,1116,1502
2020-10-12 14:00:00,813,727,927,1060
2020-10-13 02:00:00,748,830,1019,1385
2020-10-13 14:00:00,916,963,1186,1260
2020-10-14 02:00:00,717,883,1192,1458
2020-10-14 14:00:00,930,893,1072,1231
2020-10-15 02:00:00,833,936,1189,1541
2020-10-15 14:00:00,913,978,1062,1227
2020-10-16 02:00:00,752,883,1210,1507
2020-10-16 14:00:00,1049,1026,1297,1411
2020-10-17 02:00:00,1007,1175,1538,1682
2020-10-17 14:00:00,1300,1532,1561,1816
2020-10-18 02:00:00,921,1074,1515,1897
2020-10-18 14:00:00,1097,1197,1340,1392
2020-10-19 02:00:00,741,886,1299,1487
2020-10-19 14:00:00,658,800,867,1038
2020-10-20 02:00:00,750,972,1221,1732
2020-10-20 14:00:00,939,990,1086,1214
2020-10-21 02:00:00,906,1094,1438,1904
2020-10-21 14:00:00,1272,1276,1359,1437
2020-10-22 02:00:00,1158,1358,1645,2110
2020-10-22 14:00:00,1381,1465,1540,1787
2020-10-23 02:00:00,1085,1287,1672,2170
2020-10-23 14:00:00,1226,1398,1536,1749
2020-10-24 02:00:00,758,1054,1078,1938
2020-10-24 14:00:00,1319,1361,1264,1791
2020-10-25 02:00:00,905,1187,1009,2173
2020-10-25 13:00:00,879,1078,910,1144
2020-10-26 01:00:00,875,1050,1251,1822
2020-10-26 13:00:00,883,1143,1191,1376
2020-10-27 01:00:00,659,829,1107,1607
2020-10-27 13:00:00,797,885,1053,1081
2020-10-28 01:00:00,720,833,1141,1514
2020-10-28 13:00:00,1003,1039,1146,1106
2020-10-29 01:00:00,976,1141,1301,1902
2020-10-29 13:00:00,794,866,916,1047
2020-10-30 01:00:00,671,908,1270,1667
2020-10-30 13:00:00,865,960,1095,1202
2020-10-31 01:00:00,733,898,1154,1746
2020-10-31 13:00:00,1027,1108,1192,1229
2020-11-01 01:00:00,859,1013,1424,1766
2020-11-01 13:00:00,869,1078,1163,1232
2020-11-02 01:00:00,839,1020,1455,1778
2020-11-02 13:00:00,970,1120,1135,1292
2020-11-03 01:00:00,871,1184,1714,2370
2020-11-03 13:00:00,919,1058,1119,1291
2020-11-04 01:00:00,778,1001,1272,1760
2020-11-04 13:00:00,1249,1348,1420,1453
2020-11-05 01:00:00,902,1012,1245,1637
2020-11-05 13:00:00,923,1031,1046,1157
2020-11-06 01:00:00,787,959,1239,1616
2020-11-06 13:00:00,934,966,1001,986
2020-11-07 01:00:00,877,1052,1514,1653
2020-11-07 13:00:00,993,1072,1117,1143
2020-11-08 01:00:00,887,1122,1530,1892
2020-11-08 13:00:00,1114,1202,1357,1343
2020-11-09 01:00:00,857,1058,1541,2004
2020-11-09 13:00:00,794,953,1018,1136
2020-11-10 01:00:00,639,827,1255,1679
2020-11-10 13:00:00,763,728,864,1003
2020-11-11 01:00:00,822,966,1415,1896
2020-11-11 13:00:00,1168,1250,1333,1512
2020-11-12 01:00:00,729,888,1252,1758
2020-11-12 13:00:00,854,932,988,1203
2020-11-13 01:00:00,731,840,1286,1691
2020-11-13 13:00:00,965,996,1207,1267
2020-11-14 01:00:00,864,1061,1575,2098
2020-11-14 13:00:00,1062,1087,1309,1426
2020-11-15 01:00:00,938,1093,1749,2050
2020-11-15 13:00:00,1252,1287,1493,1750
2020-11-16 01:00:00,835,985,1083,1813
2020-11-16 13:00:00,869,1055,1177,1355
2020-11-17 01:00:00,619,792,1243,2186
2020-11-17 13:00:00,740,822,1130,1087
2020-11-18 01:00:00,608,784,1231,1535
2020-11-18 13:00:00,860,885,1188,1525
2020-11-19 01:00:00,765,993,1425,1865
2020-11-19 13:00:00,746,932,986,1096
2020-11-20 01:00:00,637,895,1123,1857
2020-11-20 13:00:00,724,700,835,946
2020-11-21 01:00:00,734,810,1066,1482
2020-11-21 13:00:00,1019,1055,1243,1385
2020-11-22 01:00:00,699,806,1212,1635
2020-11-22 13:00:00,897,991,1138,1477
2020-11-23 01:00:00,634,687,1032,1750
2020-11-23 13:00:00,822,778,1041,1208
2020-11-24 01:00:00,681,726,1191,1462
2020-11-24 13:00:00,744,770,898,1016
2020-11-25 01:00:00,672,678,1187,1583
2020-11-25 13:00:00,1057,1044,1300,1536
2020-11-26 01:00:00,687,722,1217,1438
2020-11-26 13:00:00,824,814,992,1108
2020-11-27 01:00:00,685,737,1157,1563
2020-11-27 13:00:00,793,817,961,1226
2020-11-28 01:00:00,701,738,1375,1709
2020-11-28 13:00:00,799,830,890,1036
2020-11-29 01:00:00,810,796,1356,1543
2020-11-29 13:00:00,1018,1044,1262,1378
2020-11-30 01:00:00,695,742,1313,1541
2020-11-30 13:00:00,878,907,1061,1199
2020-12-01 01:00:00,591,718,1301,1569
2020-12-01 13:00:00,751,768,792,1022
2020-12-02 01:00:00,700,738,1287,1442
2020-12-02 13:00:00,1087,1046,1252,1420
2020-12-03 01:00:00,630,651,1157,1390
2020-12-03 13:00:00,757,640,836,951
2020-12-04 01:00:00,678,750,1255,1376
2020-12-04 13:00:00,815,680,808,841
2020-12-05 01:00:00,630,699,1141,1589
2020-12-05 13:00:00,730,666,810,808
2020-12-06 01:00:00,736,819,1328,1663
2020-12-06 13:00:00,1146,1272,1419,1622
2020-12-07 01:00:00,645,731,1276,1584
2020-12-07 13:00:00,824,860,1041,1222
2020-12-08 01:00:00,584,679,1142,1536
2020-12-08 13:00:00,750,746,896,1160
2020-12-09 01:00:00,637,766,1296,1674
2020-12-09 13:00:00,835,793,1028,1064
2020-12-10 01:00:00,505,585,1031,587
2020-12-10 13:00:00,640,610,762,698
2020-12-11 01:00:00,599,653,1011,656
2020-12-11 13:00:00,781,794,923,919
2020-12-12 01:00:00,611,687,1144,1222
2020-12-12 13:00:00,744,738,868,842
2020-12-13 01:00:00,594,698,1270,1506
2020-12-13 13:00:00,674,625,756,916
2020-12-14 01:00:00,631,642,1125,1453
2020-12-14 13:00:00,815,848,937,1319
2020-12-15 01:00:00,627,716,1207,1463
2020-12-15 13:00:00,749,728,791,1182
2020-12-16 01:00:00,754,830,1277,1573
2020-12-16 13:00:00,849,874,774,1278
2020-12-17 01:00:00,575,771,1134,1903
2020-12-17 13:00:00,823,821,837,1063
2020-12-18 01:00:00,648,710,1090,1408
2020-12-18 13:00:00,872,894,1055,669
2020-12-19 01:00:00,600,842,1310,1233
2020-12-19 13:00:00,935,1000,1070,1277
2020-12-20 01:00:00,821,898,1420,1647
2020-12-20 13:00:00,1166,1179,1325,1497
2020-12-21 01:00:00,805,952,1548,1762
2020-12-21 13:00:00,993,1041,1221,1292
2020-12-22 01:00:00,626,795,1269,1508
2020-12-22 13:00:00,708,660,777,813
2020-12-23 01:00:00,670,814,1169,1666
2020-12-23 13:00:00,1202,1152,1235,1396
2020-12-24 01:00:00,913,971,1400,1821
2020-12-24 13:00:00,979,1005,1109,1060
2020-12-25 01:00:00,688,780,1287,1417
2020-12-25 13:00:00,735,614,737,705
2020-12-26 01:00:00,662,609,930,1106
2020-12-26 13:00:00,745,695,770,852
2020-12-27 01:00:00,641,656,947,1231
2020-12-27 13:00:00,985,912,991,1123
2020-12-28 01:00:00,801,793,1152,1391
2020-12-28 13:00:00,839,781,914,1052
2020-12-29 01:00:00,682,691,995,1276
2020-12-29 13:00:00,744,760,903,757
2020-12-30 01:00:00,618,649,978,487
2020-12-30 13:00:00,848,806,984,1044
2020-12-31 01:00:00,601,636,991,1279
2020-12-31 13:00:00,829,731,789,924
2021-01-01 01:00:00,710,768,1033,1271
2021-01-01 13:00:00,980,970,1115,1206
2021-01-02 01:00:00,714,687,1237,1486
2021-01-02 13:00:00,978,937,1103,1194
2021-01-03 01:00:00,731,701,1235,1529
2021-01-03 13:00:00,783,781,949,966
2021-01-04 01:00:00,648,638,1065,1207
2021-01-04 13:00:00,904,803,971,947
2021-01-05 01:00:00,601,592,957,1253
2021-01-05 13:00:00,718,675,761,926
2021-01-06 01:00:00,598,608,951,1329
2021-01-06 13:00:00,844,737,848,765
2021-01-07 01:00:00,,,,
2021-01-07 13:00:00,,,,
2021-01-08 01:00:00,,,,
2021-01-08 13:00:00,,,,
2021-01-09 01:00:00,,,,
2021-01-09 13:00:00,,,,
2021-01-10 01:00:00,,,,
2021-01-10 13:00:00,,,,
2021-01-11 01:00:00,,,,
2021-01-11 13:00:00,,,,

