"Time","Cuisine","Extérieur","2ème étage","Chambre 3","Buanderie","Extérieur Cuisine","Extérieur Station météo","Salon","Extérieur Buanderie","2ème étage 2","Chambre3 2","Chambre 2","Chambre 1","Chambre 2 2"
2020-01-11 13:00:00,44,80,59,49,59,89,86,,78,,,51,45,45
2020-01-12 01:00:00,43,68,56,49,59,82,54,47,65,55,49,49,44,44
2020-01-12 13:00:00,46,78,63,53,61,93,92,51,73,58,52,55,52,50
2020-01-13 01:00:00,44,72,58,50,62,85,70,46,71,55,51,49,44,45
2020-01-13 13:00:00,42,75,62,53,59,89,89,49,72,59,53,53,53,50
2020-01-14 01:00:00,45,58,59,52,62,71,37,47,52,55,52,51,48,47
2020-01-14 13:00:00,45,64,60,53,58,73,56,48,59,57,51,51,51,49
2020-01-15 01:00:00,44,59,60,49,57,69,41,45,55,54,50,51,45,47
2020-01-15 13:00:00,48,75,62,53,62,86,88,49,74,56,53,54,54,51
2020-01-16 01:00:00,39,64,61,52,63,77,45,50,63,56,53,52,50,50
2020-01-16 13:00:00,46,72,65,55,59,82,81,51,68,61,54,58,56,52
2020-01-17 01:00:00,46,85,61,52,62,85,84,46,75,57,51,51,48,49
2020-01-17 13:00:00,47,84,63,54,64,99,93,51,83,59,54,57,57,52
2020-01-18 01:00:00,52,81,63,54,70,,95,51,85,57,53,54,52,52
2020-01-18 13:00:00,45,70,62,55,61,86,74,49,68,58,55,58,56,51
2020-01-19 01:00:00,42,57,59,50,60,64,47,46,56,56,51,50,46,44
2020-01-19 13:00:00,46,66,61,54,65,72,60,48,63,57,53,53,55,50
2020-01-20 01:00:00,45,58,59,51,58,61,42,46,54,57,51,49,47,45
2020-01-20 13:00:00,41,59,58,50,52,64,51,45,57,56,51,49,46,44
2020-01-21 01:00:00,39,61,57,47,51,74,46,44,66,54,49,46,44,41
2020-01-21 13:00:00,39,69,56,49,54,76,75,41,66,52,49,47,49,45
2020-01-22 01:00:00,38,66,55,46,54,74,50,43,63,53,48,45,43,40
2020-01-22 13:00:00,40,70,57,50,55,75,72,44,66,54,50,48,51,46
2020-01-23 01:00:00,44,65,58,49,60,71,53,45,69,54,47,44,45,45
2020-01-23 13:00:00,40,73,57,51,54,82,84,46,70,54,50,50,49,46
2020-01-24 01:00:00,43,69,56,49,60,78,62,45,69,52,49,46,45,45
2020-01-24 13:00:00,42,77,58,52,56,84,86,47,74,55,52,53,50,49
2020-01-25 01:00:00,43,70,57,50,59,89,54,45,70,52,51,48,45,46
2020-01-25 13:00:00,43,77,60,52,55,87,88,46,75,55,52,53,51,49
2020-01-26 01:00:00,47,77,59,51,66,83,78,46,81,53,52,49,49,46
2020-01-26 13:00:00,45,83,61,54,61,92,93,48,83,59,54,53,54,50
2020-01-27 01:00:00,46,78,60,53,60,87,74,48,79,56,53,50,50,48
2020-01-27 13:00:00,47,75,62,54,61,81,65,49,71,58,53,53,53,50
2020-01-28 01:00:00,49,80,64,59,65,99,72,51,65,59,55,53,56,55
2020-01-28 13:00:00,48,75,63,56,65,99,86,53,77,61,55,58,57,52
2020-01-29 01:00:00,46,81,61,53,,97,91,49,84,57,54,51,50,47
2020-01-29 13:00:00,47,81,63,54,63,93,94,50,82,59,54,54,56,51
2020-01-30 01:00:00,44,68,58,50,61,82,55,46,69,55,51,48,46,43
2020-01-30 13:00:00,45,85,58,51,61,93,92,46,86,55,,50,48,46
2020-01-31 01:00:00,47,81,58,52,61,89,70,48,82,,,51,49,47
2020-01-31 13:00:00,49,86,60,54,60,97,95,50,81,56,53,52,51,50
2020-02-01 01:00:00,51,82,61,55,61,92,85,51,77,57,53,52,53,53
2020-02-01 13:00:00,52,87,67,58,67,96,94,54,85,62,57,62,60,61
2020-02-02 01:00:00,52,86,65,58,67,92,85,51,89,59,57,58,57,54
2020-02-02 13:00:00,55,89,70,60,70,97,96,56,92,65,60,64,62,60
2020-02-03 01:00:00,56,80,66,62,67,88,72,55,82,63,60,59,58,55
2020-02-03 13:00:00,55,77,68,61,,89,84,54,75,66,61,64,62,59
2020-02-04 01:00:00,52,62,64,58,65,89,59,53,63,62,59,57,57,54
2020-02-04 13:00:00,50,76,65,59,61,99,85,53,77,62,59,59,61,55
2020-02-05 01:00:00,47,68,63,55,63,84,47,49,63,59,56,55,51,49
2020-02-05 13:00:00,45,57,62,57,59,53,51,49,54,60,57,58,59,53
2020-02-06 01:00:00,48,58,60,55,65,75,47,45,63,57,54,51,51,47
2020-02-06 13:00:00,45,68,63,56,59,78,74,50,64,62,57,59,59,52
2020-02-07 01:00:00,32,58,61,54,57,85,43,45,72,57,54,51,51,48
2020-02-07 13:00:00,44,69,61,54,54,79,73,46,64,57,54,54,55,50
2020-02-08 01:00:00,40,69,58,48,55,89,48,42,74,55,52,51,46,43
2020-02-08 13:00:00,44,68,62,54,56,66,76,47,64,58,53,55,56,51
2020-02-09 01:00:00,40,53,57,48,54,64,35,42,49,55,51,46,46,42
2020-02-09 13:00:00,45,66,60,59,55,66,55,46,59,57,53,53,54,54
2020-02-10 13:00:00,52,52,63,57,59,52,38,51,47,60,56,57,58,55
2020-02-11 01:00:00,50,58,61,59,63,98,46,49,54,58,57,56,56,55
2020-02-11 13:00:00,49,70,63,58,63,89,66,52,68,60,56,57,58,54
2020-02-12 01:00:00,45,59,61,54,58,73,40,47,61,58,55,54,50,48
2020-02-12 13:00:00,43,69,60,57,53,53,75,46,60,58,56,57,57,51
2020-02-13 01:00:00,45,68,58,52,59,67,40,43,65,54,52,50,49,46
2020-02-13 13:00:00,47,66,61,55,62,99,52,48,100,57,54,54,56,52
2020-02-14 01:00:00,48,72,61,56,64,83,69,47,73,58,55,53,53,51
2020-02-14 13:00:00,46,77,61,55,56,66,89,43,71,56,52,51,57,51
2020-02-15 01:00:00,49,67,60,56,64,79,43,45,65,56,53,52,52,52
2020-02-15 13:00:00,47,70,61,57,56,63,72,48,62,58,56,58,57,53
2020-02-16 01:00:00,45,63,59,52,59,70,43,45,60,56,52,51,49,46
2020-02-16 13:00:00,49,74,65,57,55,77,72,50,67,62,56,58,59,55
2020-02-17 01:00:00,50,73,61,55,58,72,63,48,71,58,54,53,54,51
2020-02-17 13:00:00,51,82,66,58,64,99,92,53,83,62,58,61,60,57
2020-02-18 01:00:00,46,58,61,54,62,81,41,47,60,59,55,52,51,48
2020-02-18 13:00:00,46,71,61,55,58,71,80,46,67,57,53,55,55,51
2020-02-19 01:00:00,51,77,62,56,64,87,84,49,79,56,56,53,53,52
2020-02-19 13:00:00,47,78,64,56,63,93,94,50,76,61,56,56,56,53
2020-02-20 01:00:00,46,70,60,52,63,82,48,46,69,57,54,49,49,46
2020-02-20 13:00:00,46,75,62,56,59,84,78,48,70,59,56,57,57,52
2020-02-21 01:00:00,47,56,60,55,,62,36,47,57,57,55,51,51,50
2020-02-21 13:00:00,47,71,63,57,57,78,75,49,64,60,56,57,53,54
2020-02-22 01:00:00,46,70,57,52,62,65,46,43,72,55,54,50,48,45
2020-02-22 13:00:00,48,72,63,57,54,79,74,49,65,60,57,59,58,54
2020-02-23 01:00:00,49,59,60,54,58,70,36,46,56,56,55,54,51,52
2020-02-23 13:00:00,49,69,64,58,53,71,69,51,60,61,57,61,59,57
2020-02-24 01:00:00,45,62,59,53,57,70,36,45,57,57,54,51,50,48
2020-02-24 13:00:00,50,72,63,58,53,76,66,50,61,60,57,60,59,57
2020-02-25 01:00:00,48,51,61,57,55,58,37,47,48,58,55,54,53,52
2020-02-25 13:00:00,49,63,62,58,59,56,75,51,55,60,57,59,59,55
2020-02-26 01:00:00,49,55,59,57,67,84,46,46,73,55,54,53,55,53
2020-02-26 13:00:00,47,75,61,56,56,69,84,47,74,58,56,57,57,53
2020-02-27 01:00:00,44,82,57,51,62,77,73,45,86,52,53,49,48,45
2020-02-27 13:00:00,48,65,65,57,65,99,54,51,68,60,57,56,56,52
2020-02-28 01:00:00,40,60,58,50,57,85,39,44,57,56,53,47,46,42
2020-02-28 13:00:00,45,53,59,52,53,62,46,45,52,54,52,51,47,48
2020-02-29 01:00:00,48,57,59,53,57,62,38,46,63,56,53,53,49,50
2020-02-29 13:00:00,51,77,60,53,64,84,70,48,75,57,52,55,51,53
2020-03-01 01:00:00,52,62,60,53,64,68,40,50,73,57,53,54,52,53
2020-03-01 13:00:00,52,69,60,53,63,61,67,50,65,57,53,56,53,54
2020-03-02 01:00:00,53,87,61,53,65,91,90,51,81,58,53,57,54,55
2020-03-02 13:00:00,53,70,61,54,67,91,61,52,76,58,53,59,55,56
2020-03-03 01:00:00,52,52,61,53,66,78,37,52,82,59,53,58,53,54
2020-03-03 13:00:00,53,65,61,53,62,60,54,51,62,59,53,58,54,56
2020-03-04 01:00:00,53,58,61,53,62,68,36,52,75,58,53,57,53,55
2020-03-04 13:00:00,53,61,60,53,60,68,50,52,54,58,53,59,54,56
2020-03-05 01:00:00,55,87,62,54,65,89,88,55,89,59,53,60,56,57
2020-03-05 13:00:00,56,75,63,54,68,99,73,54,93,60,54,61,57,59
2020-03-06 01:00:00,56,53,62,54,67,70,34,54,63,60,54,61,57,58
2020-03-06 13:00:00,56,64,62,54,62,71,57,53,63,60,54,61,57,59
2020-03-07 01:00:00,47,46,59,51,60,54,32,53,67,60,54,61,53,46
2020-03-07 13:00:00,49,59,62,52,58,65,55,49,55,55,50,50,56,49
2020-03-08 01:00:00,46,51,56,51,57,60,32,46,47,56,52,50,48,43
2020-03-08 13:00:00,49,74,59,54,55,72,73,48,67,52,49,53,55,50
2020-03-09 01:00:00,52,71,60,56,59,99,56,50,71,57,55,52,53,50
2020-03-09 13:00:00,48,75,63,58,59,85,87,49,72,59,57,55,58,52
2020-03-10 01:00:00,50,72,60,53,61,80,66,48,68,57,55,52,51,47
2020-03-10 13:00:00,51,81,65,58,65,90,90,53,81,60,57,57,58,52
2020-03-11 01:00:00,52,73,64,57,64,80,46,51,73,59,56,55,54,53
2020-03-11 13:00:00,54,80,65,60,59,87,86,55,73,62,58,61,60,57
2020-03-12 01:00:00,50,61,62,56,61,67,37,48,61,60,55,52,52,49
2020-03-12 13:00:00,57,83,65,61,61,99,91,55,79,62,60,61,63,60
2020-03-13 01:00:00,56,52,62,57,62,71,39,49,52,59,57,55,54,54
2020-03-13 13:00:00,56,67,65,61,61,65,71,54,64,62,59,64,63,63
2020-03-14 01:00:00,53,54,64,58,65,61,35,48,54,60,58,59,56,56
2020-03-14 13:00:00,53,64,65,59,55,69,61,49,58,59,55,62,61,59
2020-03-15 01:00:00,45,55,61,55,57,65,34,45,53,58,55,56,51,52
2020-03-15 13:00:00,53,69,65,59,53,65,51,49,61,60,58,63,61,61
2020-03-16 01:00:00,50,57,63,58,61,64,33,46,53,60,57,56,54,55
2020-03-16 13:00:00,49,64,62,59,55,65,58,47,57,60,57,61,61,58
2020-03-17 01:00:00,54,55,64,60,62,56,33,49,49,61,57,57,56,56
2020-03-17 13:00:00,53,67,63,59,52,67,67,45,60,62,56,61,60,60
2020-03-18 01:00:00,54,59,63,58,61,65,34,51,54,59,56,57,54,55
2020-03-18 13:00:00,55,72,63,61,52,70,73,53,63,58,56,63,62,62
2020-03-19 01:00:00,54,61,64,62,62,65,35,53,57,59,60,58,58,60
2020-03-19 13:00:00,57,68,64,62,52,68,67,54,60,61,59,64,65,63
2020-03-20 01:00:00,53,57,62,60,60,53,32,50,51,58,60,58,56,57
2020-03-20 13:00:00,54,65,61,59,50,64,63,51,57,56,54,61,60,60
2020-03-21 01:00:00,56,58,62,64,63,63,35,49,63,58,61,58,62,63
2020-03-21 13:00:00,56,68,61,61,51,68,65,51,62,55,57,57,62,61
2020-03-22 01:00:00,51,62,62,63,62,61,48,48,59,57,57,57,61,60
2020-03-22 13:00:00,54,63,62,61,55,67,59,48,62,60,59,63,63,60
2020-03-23 01:00:00,51,54,61,56,56,54,42,47,53,58,56,55,54,53
2020-03-23 13:00:00,48,43,64,59,53,47,43,45,41,61,58,61,60,51
2020-03-24 01:00:00,50,45,62,57,62,52,30,48,49,58,56,52,53,52
2020-03-24 13:00:00,42,48,56,53,46,49,41,42,43,51,47,46,55,49
2020-03-25 01:00:00,46,43,60,54,58,48,26,44,40,56,51,51,50,51
2020-03-25 13:00:00,44,45,59,56,49,39,39,46,43,58,55,59,59,54
2020-03-26 01:00:00,45,42,56,51,53,46,28,42,41,54,52,52,48,48
2020-03-26 13:00:00,43,44,58,56,49,36,37,44,40,56,54,58,57,52
2020-03-27 01:00:00,42,48,56,51,52,53,35,39,53,53,51,50,49,46
2020-03-27 13:00:00,44,63,56,54,51,61,62,41,59,53,53,53,54,50
2020-03-28 01:00:00,47,50,57,54,57,51,32,44,46,53,52,52,51,51
2020-03-28 13:00:00,47,65,61,57,48,61,60,45,57,58,55,59,59,56
2020-03-29 01:00:00,50,53,60,57,60,52,39,47,51,57,53,55,56,55
2020-03-29 14:00:00,50,68,62,59,61,81,82,50,72,59,58,60,66,55
2020-03-30 02:00:00,49,58,60,55,61,57,48,45,58,57,54,54,55,55
2020-03-30 14:00:00,43,59,60,58,60,60,51,48,54,58,57,60,60,52
2020-03-31 02:00:00,44,49,57,53,58,51,36,43,46,55,54,52,51,47
2020-03-31 14:00:00,41,39,56,56,44,37,16,43,37,53,55,55,57,51
2020-04-01 02:00:00,44,46,58,52,57,53,29,43,46,52,52,48,51,44
2020-04-01 14:00:00,44,66,56,54,45,64,67,42,57,49,47,54,53,52
2020-04-02 02:00:00,48,59,57,56,60,61,36,46,53,51,52,52,52,53
2020-04-02 14:00:00,39,54,53,54,37,45,49,35,49,51,51,57,56,53
2020-04-03 02:00:00,44,46,55,50,53,44,27,43,43,51,52,51,52,47
2020-04-03 14:00:00,45,51,57,53,44,52,47,41,47,56,47,56,54,53
2020-04-04 02:00:00,41,47,55,52,47,50,30,40,43,53,50,52,47,50
2020-04-04 14:00:00,45,59,56,54,44,55,53,42,51,54,53,55,55,54
2020-04-05 02:00:00,44,47,55,53,53,50,26,41,43,52,55,49,50,48
2020-04-05 14:00:00,45,46,54,54,43,36,37,33,38,51,49,54,52,53
2020-04-06 02:00:00,35,44,52,51,46,63,22,39,38,54,52,52,46,45
2020-04-06 14:00:00,45,57,51,54,44,51,52,42,50,48,49,53,53,53
2020-04-07 02:00:00,47,44,55,51,53,47,23,40,40,53,52,51,49,52
2020-04-07 14:00:00,49,50,53,56,44,35,39,40,44,51,54,57,56,56
2020-04-08 02:00:00,44,38,54,54,46,42,19,41,37,53,53,51,45,46
2020-04-08 14:00:00,47,52,53,56,41,46,46,43,45,48,51,54,52,54
2020-04-09 02:00:00,46,42,53,54,46,45,21,41,39,52,53,52,49,50
2020-04-09 14:00:00,50,55,52,57,38,49,48,46,46,49,56,58,58,57
2020-04-10 02:00:00,52,44,51,56,49,44,21,42,40,48,54,52,51,52
2020-04-10 14:00:00,47,57,53,57,41,51,52,39,47,48,52,55,53,55
2020-04-11 02:00:00,42,38,49,49,43,41,10,40,37,48,51,50,44,47
2020-04-11 14:00:00,46,46,45,54,41,38,37,39,40,47,54,55,55,54
2020-04-12 02:00:00,43,45,52,54,44,41,26,41,40,49,52,51,47,47
2020-04-12 14:00:00,50,44,53,57,45,35,37,45,41,51,55,57,57,56
2020-04-13 02:00:00,50,45,49,53,44,41,28,42,39,49,52,53,50,52
2020-04-13 14:00:00,49,49,52,56,42,45,40,39,46,46,52,58,56,59
2020-04-14 02:00:00,40,36,52,54,45,39,17,39,34,52,54,54,49,49
2020-04-14 14:00:00,45,39,49,54,40,26,31,40,36,47,48,57,54,57
2020-04-15 02:00:00,42,38,49,52,46,44,22,41,36,43,50,49,44,45
2020-04-15 14:00:00,47,57,51,54,43,51,50,43,51,50,53,56,55,56
2020-04-16 02:00:00,50,49,53,56,51,48,30,45,45,51,55,53,52,54
2020-04-16 14:00:00,48,48,51,57,43,35,43,40,44,46,53,58,56,58
2020-04-17 02:00:00,41,46,52,49,44,59,29,40,60,52,50,51,46,46
2020-04-17 14:00:00,50,56,53,57,45,51,51,45,51,48,56,57,58,59
2020-04-18 02:00:00,49,53,54,57,50,68,31,46,47,53,55,54,53,52
2020-04-18 14:00:00,54,63,54,60,45,58,59,48,54,52,58,60,61,61
2020-04-19 02:00:00,58,61,59,61,53,57,44,50,66,55,57,58,60,59
2020-04-19 14:00:00,58,80,59,62,54,76,84,51,73,58,60,62,64,64
2020-04-20 02:00:00,60,56,61,63,56,56,37,52,54,59,62,61,60,62
2020-04-20 14:00:00,57,55,56,63,52,60,51,49,56,54,63,61,65,65
2020-04-21 02:00:00,51,53,56,57,49,49,40,47,51,52,57,59,57,57
2020-04-21 14:00:00,55,61,56,59,51,57,55,48,57,53,55,58,55,55
2020-04-22 02:00:00,46,45,56,56,51,44,24,42,43,54,55,53,51,49
2020-04-22 14:00:00,52,65,54,59,47,60,61,46,56,52,58,59,60,59
2020-04-23 02:00:00,55,53,54,56,49,50,28,41,52,48,55,53,51,52
2020-04-23 14:00:00,52,59,55,60,46,56,59,43,48,49,59,60,62,60
2020-04-24 02:00:00,49,53,56,58,52,52,30,47,49,51,56,55,55,54
2020-04-24 14:00:00,52,60,52,60,37,60,60,41,56,51,58,59,59,60
2020-04-25 02:00:00,48,51,55,58,49,48,30,46,48,54,55,56,54,56
2020-04-25 14:00:00,56,79,56,61,51,99,87,49,100,55,59,57,66,55
2020-04-26 02:00:00,59,71,63,62,58,78,62,52,83,58,62,62,63,63
2020-04-26 14:00:00,57,77,60,62,52,78,84,46,71,55,59,64,65,64
2020-04-27 02:00:00,54,61,60,60,56,66,35,48,62,56,58,60,57,58
2020-04-27 14:00:00,60,79,62,64,56,86,89,53,98,61,63,67,67,66
2020-04-28 02:00:00,61,70,63,63,60,71,82,55,100,59,60,63,60,60
2020-04-28 14:00:00,61,82,64,64,62,99,92,57,100,62,64,62,61,60
2020-04-29 02:00:00,55,61,64,63,62,74,39,53,100,63,60,63,61,60
2020-04-29 14:00:00,58,67,63,62,54,60,63,52,73,59,59,64,62,62
2020-04-30 02:00:00,62,83,65,63,60,85,92,56,100,63,62,63,62,63
2020-04-30 14:00:00,60,81,66,63,64,80,71,54,100,62,63,66,63,64
2020-05-01 02:00:00,61,83,68,65,66,88,92,54,100,65,61,65,63,65
2020-05-01 14:00:00,61,87,69,63,66,91,0,56,100,67,63,68,65,66
2020-05-02 02:00:00,58,78,74,70,71,77,60,58,100,69,68,69,70,71
2020-05-02 14:00:00,63,88,73,68,67,99,94,60,100,72,69,73,71,71
2020-05-03 02:00:00,63,63,80,67,65,81,42,56,100,72,68,70,68,68
2020-05-03 14:00:00,65,79,72,70,58,86,87,59,90,69,70,70,71,70
2020-05-04 02:00:00,53,59,67,67,62,67,32,54,79,66,67,67,64,67
2020-05-04 14:00:00,63,72,68,69,54,74,71,57,71,62,69,70,72,70
2020-05-05 02:00:00,60,61,67,68,56,61,43,56,64,64,66,68,67,67
2020-05-05 14:00:00,65,82,66,69,56,83,92,59,100,64,68,70,71,70
2020-05-06 02:00:00,64,59,67,65,60,62,35,56,57,64,63,66,65,65
2020-05-06 14:00:00,61,63,64,69,52,64,59,56,61,64,68,66,70,67
2020-05-07 02:00:00,53,55,59,58,55,55,32,49,55,57,59,57,51,51
2020-05-07 14:00:00,61,74,62,66,52,71,77,55,68,62,65,64,65,66
2020-05-08 02:00:00,60,58,64,64,57,59,32,57,57,60,63,63,62,63
2020-05-08 14:00:00,63,53,63,67,51,44,47,58,49,61,66,67,66,67
2020-05-09 02:00:00,57,48,58,59,52,46,27,49,44,56,59,57,56,57
2020-05-09 14:00:00,58,62,59,64,50,58,56,50,59,56,63,64,65,65
2020-05-10 02:00:00,54,58,59,64,53,56,34,52,56,57,61,62,57,63
2020-05-10 14:00:00,63,85,65,67,60,84,91,58,100,62,66,67,70,68
2020-05-11 02:00:00,65,56,65,67,62,57,40,59,100,63,65,64,65,67
2020-05-11 14:00:00,62,76,64,67,60,81,88,59,100,61,65,69,68,69
2020-05-12 02:00:00,54,56,63,60,57,58,45,51,100,61,59,63,59,61
2020-05-12 14:00:00,58,66,62,63,55,66,63,53,88,59,62,65,64,63
2020-05-13 02:00:00,61,78,67,64,63,87,83,56,99,64,60,67,64,66
2020-05-13 14:00:00,63,85,66,65,64,88,93,57,100,65,64,68,67,67
2020-05-14 02:00:00,66,74,69,68,66,74,62,60,100,66,66,71,67,71
2020-05-14 14:00:00,64,78,67,67,62,99,84,58,87,65,67,72,70,70
2020-05-15 02:00:00,67,75,70,69,66,86,68,60,100,67,65,70,68,70
2020-05-15 14:00:00,64,68,69,68,,68,63,57,80,67,66,73,70,71
2020-05-16 02:00:00,59,58,68,66,,60,37,56,74,63,62,69,66,68
2020-05-16 14:00:00,62,59,65,68,,64,61,57,62,63,67,70,70,69
2020-05-17 02:00:00,60,45,66,65,,44,27,54,58,64,64,65,63,62
2020-05-17 14:00:00,61,58,64,67,51,55,52,52,55,63,66,69,70,69
2020-05-18 02:00:00,60,53,65,62,,49,31,52,51,61,61,63,60,61
2020-05-18 14:00:00,62,59,64,67,51,55,52,56,55,62,66,69,70,70
2020-05-19 02:00:00,59,44,60,63,53,37,27,48,39,57,61,64,62,63
2020-05-19 14:00:00,59,48,57,66,46,43,39,50,46,55,65,67,68,66
2020-05-20 02:00:00,53,44,58,60,50,39,28,45,40,53,56,61,56,60
2020-05-20 14:00:00,57,50,55,64,44,45,43,48,48,53,63,64,67,64
2020-05-21 02:00:00,53,46,54,59,49,42,25,47,45,52,58,57,55,53
2020-05-21 14:00:00,58,61,57,65,46,53,56,53,55,50,63,63,59,64
2020-05-22 02:00:00,55,52,55,57,50,45,29,48,48,50,56,55,53,56
2020-05-22 14:00:00,58,61,56,63,46,57,59,51,55,53,61,63,63,64
2020-05-23 02:00:00,60,91,55,62,53,92,87,49,99,53,60,60,60,60
2020-05-23 14:00:00,59,77,62,66,58,87,83,55,100,60,63,59,58,59
2020-05-24 02:00:00,55,42,58,58,56,46,25,48,100,55,58,59,55,56
2020-05-24 14:00:00,54,54,56,63,49,56,48,46,53,54,62,61,62,62
2020-05-25 02:00:00,46,47,55,58,52,44,30,44,43,53,58,58,54,55
2020-05-25 14:00:00,54,54,52,61,43,51,46,48,51,50,60,61,63,61
2020-05-26 02:00:00,52,41,55,60,52,39,25,46,38,54,58,59,57,59
2020-05-26 14:00:00,52,51,53,59,44,47,43,44,48,46,56,59,61,58
2020-05-27 02:00:00,45,44,53,54,47,41,25,41,43,49,54,53,53,51
2020-05-27 14:00:00,51,41,49,58,42,29,36,46,40,43,56,56,59,58
2020-05-28 02:00:00,51,41,51,56,47,58,22,43,46,50,55,53,52,52
2020-05-28 14:00:00,53,52,48,59,44,47,44,48,48,47,58,60,61,60
2020-05-29 02:00:00,45,35,46,53,45,34,20,41,33,44,52,54,49,48
2020-05-29 14:00:00,50,44,48,58,41,41,38,45,42,42,56,58,60,57
2020-05-30 02:00:00,47,46,49,54,46,56,29,43,53,46,52,52,48,51
2020-05-30 14:00:00,52,43,50,58,42,33,35,46,40,49,56,59,59,59
2020-05-31 02:00:00,51,45,51,54,47,47,27,45,48,46,51,53,51,51
2020-05-31 14:00:00,53,45,49,58,42,32,42,45,42,50,56,59,61,58
2020-06-01 02:00:00,51,47,48,54,46,51,29,42,49,46,51,53,50,53
2020-06-01 14:00:00,57,77,53,59,48,68,88,49,95,52,57,59,60,59
2020-06-02 02:00:00,59,53,57,60,55,52,30,52,54,55,58,58,57,56
2020-06-02 14:00:00,57,67,53,62,47,63,70,51,63,52,60,62,65,62
2020-06-03 02:00:00,54,58,56,60,51,55,31,51,54,56,57,58,57,58
2020-06-03 14:00:00,61,83,57,64,56,82,91,55,100,57,62,62,68,59
2020-06-04 02:00:00,63,67,61,65,63,70,66,57,100,59,63,63,63,63
2020-06-04 14:00:00,60,80,63,66,61,99,92,54,100,62,65,66,67,65
2020-06-05 02:00:00,58,69,63,64,64,85,65,53,100,59,61,63,62,63
2020-06-05 14:00:00,61,69,64,65,59,70,67,56,85,59,64,68,66,65
2020-06-06 02:00:00,59,72,68,61,61,76,74,54,89,64,62,64,60,61
2020-06-06 14:00:00,63,85,65,64,58,99,94,58,100,64,64,67,66,67
2020-06-07 02:00:00,61,75,64,64,65,,75,57,100,62,62,65,64,65
2020-06-07 14:00:00,61,75,63,65,58,74,68,52,100,60,61,65,67,67
2020-06-08 02:00:00,61,61,66,64,61,60,45,54,100,63,62,65,66,67
2020-06-08 14:00:00,61,80,64,65,62,88,91,56,93,62,64,69,67,67
2020-06-09 02:00:00,64,86,76,66,67,99,86,57,100,66,62,70,65,69
2020-06-09 14:00:00,63,83,69,64,66,98,91,55,100,67,65,69,70,69
2020-06-10 02:00:00,62,80,71,70,68,81,65,58,100,66,66,70,69,70
2020-06-10 14:00:00,64,86,70,67,66,92,93,59,100,69,67,73,71,70
2020-06-11 02:00:00,59,65,68,66,62,73,39,56,100,66,66,69,63,65
2020-06-11 14:00:00,66,78,68,68,59,82,79,59,88,66,68,72,72,72
2020-06-12 02:00:00,67,79,69,69,63,67,72,57,81,67,68,70,68,70
2020-06-12 14:00:00,68,83,71,70,62,87,91,61,84,70,71,73,73,73
2020-06-13 02:00:00,65,83,72,71,65,99,73,60,100,70,68,71,69,69
2020-06-13 14:00:00,68,83,74,70,66,90,75,59,100,72,69,74,73,72
2020-06-14 02:00:00,63,66,72,71,66,67,43,57,88,70,69,73,70,72
2020-06-14 14:00:00,66,77,70,70,61,80,80,60,83,69,69,72,75,72
2020-06-15 02:00:00,62,60,69,69,64,62,34,58,78,67,68,70,67,68
2020-06-15 14:00:00,66,73,68,71,60,72,72,59,77,67,71,74,75,74
2020-06-16 02:00:00,63,57,67,70,62,57,34,56,69,63,68,70,69,69
2020-06-16 14:00:00,64,82,65,70,57,80,92,58,100,64,67,71,73,71
2020-06-17 02:00:00,60,63,66,69,62,65,41,56,100,66,69,69,66,67
2020-06-17 14:00:00,64,77,65,69,55,77,84,56,86,61,65,70,70,69
2020-06-18 02:00:00,58,57,66,68,56,57,32,52,68,64,65,66,65,64
2020-06-18 14:00:00,62,77,65,69,54,76,85,56,81,61,66,64,70,67
2020-06-19 02:00:00,63,54,62,67,59,58,35,55,57,61,65,67,63,63
2020-06-19 14:00:00,62,69,61,67,51,68,71,53,64,58,63,62,68,66
2020-06-20 02:00:00,59,55,60,62,57,56,31,52,52,59,61,62,60,60
2020-06-20 14:00:00,61,64,59,67,50,62,62,51,59,57,66,67,69,67
2020-06-21 02:00:00,60,52,61,64,56,51,29,52,52,60,63,64,62,62
2020-06-21 14:00:00,61,61,54,66,49,58,57,49,51,56,61,61,68,66
2020-06-22 02:00:00,58,58,62,65,54,53,34,53,56,60,62,62,62,61
2020-06-22 14:00:00,62,60,56,67,50,58,57,56,55,56,66,66,70,68
2020-06-23 02:00:00,61,56,60,66,55,56,32,57,54,59,63,63,62,61
2020-06-23 14:00:00,63,60,55,69,48,44,54,53,51,55,67,68,71,68
2020-06-24 02:00:00,63,55,60,65,54,54,30,57,54,59,65,64,63,62
2020-06-24 14:00:00,64,54,54,69,48,57,56,58,51,55,67,70,72,72
2020-06-25 02:00:00,64,49,59,67,55,47,27,55,54,58,66,64,64,67
2020-06-25 14:00:00,63,58,54,68,47,55,54,56,53,53,67,65,71,72
2020-06-26 02:00:00,64,77,58,64,55,76,80,56,78,57,63,64,62,62
2020-06-26 14:00:00,65,60,59,64,51,56,70,59,62,57,63,64,63,63
2020-06-27 02:00:00,65,53,59,64,55,48,28,58,52,58,63,65,62,62
2020-06-27 14:00:00,66,53,58,64,49,40,43,59,42,57,63,64,63,62
2020-06-28 02:00:00,66,61,59,64,56,75,38,59,68,58,63,64,62,62
2020-06-28 14:00:00,68,79,60,66,56,99,92,62,75,61,64,67,67,69
2020-06-29 02:00:00,65,58,66,68,59,61,36,59,63,65,66,66,65,66
2020-06-29 14:00:00,55,63,54,60,42,38,62,52,53,55,58,65,63,63
2020-06-30 02:00:00,53,53,56,57,49,50,30,47,54,54,55,56,54,54
2020-06-30 14:00:00,58,68,55,63,45,63,71,52,58,54,61,66,64,68
2020-07-01 02:00:00,63,57,60,65,55,54,30,55,69,58,63,63,64,66
2020-07-01 14:00:00,66,83,63,67,55,84,88,59,78,64,65,68,68,69
2020-07-02 02:00:00,67,60,64,68,60,60,36,60,60,60,66,65,64,64
2020-07-02 14:00:00,60,58,58,67,51,47,52,54,52,55,65,68,67,70
2020-07-03 02:00:00,56,52,54,55,50,45,35,48,48,52,55,56,54,53
2020-07-03 14:00:00,55,60,54,58,49,58,59,49,56,52,53,60,57,59
2020-07-04 02:00:00,49,52,53,58,50,46,30,48,50,52,56,56,54,51
2020-07-04 14:00:00,56,57,54,62,46,54,54,53,51,50,60,63,62,63
2020-07-05 02:00:00,59,58,58,61,54,73,31,56,58,56,59,61,58,58
2020-07-05 14:00:00,62,65,53,64,48,61,63,56,52,54,62,64,65,64
2020-07-06 02:00:00,61,58,59,62,54,57,38,55,58,58,61,61,60,59
2020-07-06 14:00:00,54,46,47,57,42,32,26,50,40,49,57,64,63,62
2020-07-07 02:00:00,44,39,46,51,41,36,22,42,39,46,50,51,45,45
2020-07-07 14:00:00,53,51,51,58,43,46,46,49,45,49,56,60,58,60
2020-07-08 02:00:00,49,46,52,55,48,43,27,47,52,50,54,55,54,52
2020-07-08 14:00:00,55,64,50,60,42,56,62,47,54,48,58,62,62,63
2020-07-09 02:00:00,56,49,53,60,50,48,27,52,48,53,55,58,56,54
2020-07-09 14:00:00,63,55,49,62,46,28,51,58,47,48,60,63,64,65
2020-07-10 02:00:00,62,49,55,62,53,46,28,56,49,54,59,60,60,60
2020-07-10 14:00:00,63,76,55,61,54,76,88,58,99,56,61,61,61,59
2020-07-12 02:00:00,62,46,55,60,,42,29,56,44,54,59,60,58,58
2020-07-13 14:00:00,46,51,44,56,37,44,46,45,46,45,55,63,66,63
2020-07-14 02:00:00,53,43,52,56,47,36,23,52,41,51,54,56,53,53
2020-07-14 14:00:00,45,50,44,54,36,45,46,42,45,45,52,61,61,62
2020-07-15 02:00:00,52,58,52,55,44,60,43,50,61,52,51,54,56,53
2020-07-15 14:00:00,53,66,53,58,46,61,65,49,61,52,56,59,58,60
2020-07-16 02:00:00,57,56,55,59,52,53,38,53,55,54,55,57,56,56
2020-07-16 14:00:00,56,65,54,60,47,62,61,49,59,53,58,61,61,64
2020-07-17 02:00:00,59,56,57,61,53,51,40,53,53,55,57,60,61,61
2020-07-17 14:00:00,58,65,53,62,50,62,63,54,60,53,60,63,63,63
2020-07-18 02:00:00,57,47,56,59,53,44,30,52,47,55,57,60,57,57
2020-07-18 14:00:00,56,47,52,61,46,30,40,50,43,48,59,59,62,64
2020-07-19 02:00:00,51,44,51,56,47,41,26,47,53,53,54,57,52,49
2020-07-19 14:00:00,58,56,49,61,45,50,55,54,51,48,59,63,62,65
2020-07-20 02:00:00,54,42,51,57,48,39,23,49,42,52,56,57,54,55
2020-07-20 14:00:00,57,62,50,60,43,54,59,48,55,49,59,63,62,65
2020-07-21 02:00:00,57,47,53,57,48,44,28,52,46,53,57,58,56,58
2020-07-21 14:00:00,61,53,50,61,46,49,45,55,45,51,60,64,63,66
2020-07-22 02:00:00,60,46,57,62,51,47,29,57,53,57,58,61,59,59
2020-07-22 14:00:00,63,75,57,64,55,70,80,58,72,59,63,66,67,67
2020-07-23 02:00:00,59,58,59,64,57,58,32,54,58,58,59,61,60,62
2020-07-23 14:00:00,56,56,50,65,44,35,54,51,51,48,65,67,67,68
2020-07-24 02:00:00,55,48,55,61,50,52,30,52,59,61,59,60,57,55
2020-07-24 14:00:00,57,63,53,63,47,61,67,52,58,50,61,64,63,65
2020-07-25 02:00:00,56,69,53,60,49,68,73,51,68,54,60,62,58,58
2020-07-25 14:00:00,59,55,54,60,49,,,54,49,53,59,60,58,58
2020-07-26 02:00:00,60,41,54,60,52,,,54,37,54,59,59,58,57
2020-07-26 14:00:00,61,40,53,59,47,,,54,33,53,59,59,58,57
2020-08-01 14:00:00,60,65,54,61,46,75,66,54,75,57,58,60,62,62
2020-08-02 02:00:00,61,54,58,62,54,54,32,59,64,59,60,59,59,59
2020-08-02 14:00:00,67,76,62,65,58,73,82,62,82,63,63,66,66,67
2020-08-03 02:00:00,61,73,63,62,57,75,72,57,82,63,59,62,61,62
2020-08-03 14:00:00,59,79,61,62,58,99,89,51,90,58,57,64,61,65
2020-08-04 02:00:00,51,58,56,58,54,64,37,50,71,57,57,59,52,54
2020-08-04 14:00:00,56,60,56,60,50,40,60,51,64,54,55,62,60,61
2020-08-05 02:00:00,56,51,57,58,54,49,30,49,56,56,55,58,56,56
2020-08-05 14:00:00,57,56,56,58,49,54,50,52,51,55,57,59,57,58
2020-08-06 02:00:00,58,56,57,59,54,70,30,53,66,55,58,59,57,57
2020-08-06 14:00:00,59,56,56,59,47,33,47,54,48,56,58,59,58,57
2020-08-07 02:00:00,60,51,56,59,53,51,28,54,61,54,58,58,57,57
2020-08-07 14:00:00,61,55,55,59,46,56,58,55,48,55,58,58,58,57
2020-08-08 02:00:00,61,49,55,59,51,48,26,56,47,,58,59,57,57
2020-08-08 14:00:00,62,56,54,59,46,29,47,56,45,54,58,58,58,56
2020-08-09 02:00:00,62,46,54,59,51,44,25,57,52,,58,58,57,56
2020-08-09 14:00:00,58,64,53,56,46,57,59,55,53,52,57,64,65,66
2020-08-10 02:00:00,63,46,55,63,54,43,25,56,47,55,61,59,62,63
2020-08-10 14:00:00,57,60,53,57,46,54,56,53,53,53,59,65,65,68
2020-08-11 02:00:00,57,52,55,63,53,53,30,58,57,54,60,59,61,60
2020-08-11 14:00:00,62,61,54,63,48,58,59,57,52,52,62,67,67,70
2020-08-12 02:00:00,62,46,59,64,53,43,27,58,48,58,60,63,62,61
2020-08-12 14:00:00,51,50,47,60,41,44,43,45,45,48,57,65,65,69
2020-08-13 02:00:00,54,45,53,60,48,41,24,53,44,54,56,58,55,54
2020-08-13 14:00:00,62,80,61,63,53,75,89,57,77,64,61,65,64,67
2020-08-14 02:00:00,63,64,62,64,57,61,35,62,64,58,63,62,63,65
2020-08-14 14:00:00,58,67,59,65,49,67,72,55,60,58,66,68,68,70
2020-08-15 02:00:00,62,51,60,64,55,55,29,60,53,59,61,63,61,65
2020-08-15 14:00:00,52,49,48,60,40,28,51,46,47,51,58,63,46,65
2020-08-16 02:00:00,54,55,55,58,47,45,30,50,54,53,54,56,56,56
2020-08-16 14:00:00,60,82,58,64,56,78,91,55,91,59,63,66,63,68
2020-08-17 02:00:00,63,58,63,67,58,60,38,63,64,62,66,65,63,64
2020-08-17 14:00:00,55,64,57,63,48,62,66,50,57,55,62,66,65,67
2020-08-18 02:00:00,53,43,59,62,53,46,27,49,48,58,60,61,58,58
2020-08-18 14:00:00,58,62,55,62,48,60,63,54,55,55,59,59,60,62
2020-08-19 02:00:00,58,52,58,62,52,54,31,53,54,57,60,59,55,56
2020-08-19 14:00:00,57,60,53,63,48,59,55,49,53,51,58,62,63,64
2020-08-20 02:00:00,57,53,56,60,53,53,28,53,53,55,59,60,58,58
2020-08-20 14:00:00,62,61,55,63,48,59,59,56,54,54,62,65,65,67
2020-08-21 02:00:00,57,52,56,63,52,53,27,52,52,57,61,63,60,64
2020-08-21 14:00:00,53,53,48,61,42,35,41,48,42,48,58,56,60,54
2020-08-22 02:00:00,57,58,58,62,51,61,39,58,60,58,59,59,58,58
2020-08-22 14:00:00,48,53,48,53,43,39,50,44,49,48,54,56,58,60
2020-08-23 02:00:00,55,47,52,56,47,46,29,48,56,51,55,53,54,55
2020-08-23 14:00:00,42,53,46,53,38,50,49,41,46,45,50,53,53,56
2020-08-24 02:00:00,40,41,47,53,42,39,22,46,46,47,50,52,46,52
2020-08-24 14:00:00,47,54,50,55,41,46,46,46,44,44,53,59,58,60
2020-08-25 02:00:00,45,46,50,54,45,45,30,44,49,46,50,51,51,53
2020-08-25 14:00:00,50,39,46,56,40,35,31,42,32,44,55,51,53,55
2020-08-26 02:00:00,52,48,50,56,47,52,48,47,47,49,54,54,54,54
2020-08-26 14:00:00,51,55,47,56,42,49,50,44,47,50,53,60,60,62
2020-08-27 02:00:00,50,46,53,57,47,47,29,49,65,53,53,56,54,54
2020-08-27 14:00:00,52,52,47,58,42,48,46,50,45,47,57,62,61,63
2020-08-28 02:00:00,60,76,60,58,54,71,81,54,82,55,56,58,57,60
2020-08-28 14:00:00,59,83,60,62,59,99,94,55,100,59,60,64,62,63
2020-08-29 02:00:00,56,67,61,59,60,89,73,53,100,61,58,61,58,59
2020-08-29 14:00:00,59,83,62,61,61,90,90,55,99,58,59,65,62,64
2020-08-30 02:00:00,57,73,65,65,66,99,65,55,100,59,58,63,65,65
2020-08-30 14:00:00,60,81,65,64,62,99,91,53,88,63,63,69,65,67
2020-08-31 02:00:00,53,61,64,63,62,67,37,51,71,61,61,65,59,63
2020-08-31 14:00:00,59,70,64,63,58,75,75,53,69,60,63,69,65,68
2020-09-01 02:00:00,55,60,59,60,57,56,34,49,62,59,59,64,59,61
2020-09-01 14:00:00,58,70,61,62,51,71,72,52,64,60,61,67,65,67
2020-09-02 02:00:00,53,56,62,61,59,60,33,50,74,58,59,65,63,64
2020-09-02 14:00:00,60,64,62,63,54,66,67,54,61,61,63,68,66,67
2020-09-03 02:00:00,55,60,63,63,57,58,32,51,76,61,60,64,61,61
2020-09-03 14:00:00,58,69,59,64,51,68,69,52,60,59,61,67,66,67
2020-09-04 02:00:00,55,59,61,64,56,61,32,51,59,57,59,62,61,61
2020-09-04 14:00:00,59,71,59,63,48,69,69,53,61,58,61,64,64,65
2020-09-05 02:00:00,59,59,63,64,56,59,31,55,59,60,63,64,65,67
2020-09-05 14:00:00,61,63,59,65,49,47,59,55,54,56,64,65,68,67
2020-09-06 02:00:00,51,56,54,60,50,54,42,50,65,55,60,63,57,63
2020-09-06 14:00:00,54,51,56,62,48,47,45,46,47,56,57,63,62,62
2020-09-07 02:00:00,48,53,53,58,51,64,36,45,57,53,57,57,56,51
2020-09-07 14:00:00,54,62,55,60,49,58,57,48,55,54,59,61,63,61
2020-09-08 02:00:00,53,59,59,60,53,71,34,49,62,57,57,59,57,57
2020-09-08 14:00:00,55,69,58,62,46,66,71,51,59,56,61,64,64,64
2020-09-09 02:00:00,59,63,61,63,55,63,36,53,71,60,59,61,60,61
2020-09-09 14:00:00,61,75,63,65,55,73,78,56,69,62,64,67,69,67
2020-09-10 02:00:00,62,53,65,65,58,55,29,60,52,62,63,65,63,66
2020-09-10 14:00:00,60,64,56,66,50,63,60,52,57,57,65,69,70,69
2020-09-11 02:00:00,60,61,61,64,55,61,35,55,69,61,62,64,63,61
2020-09-11 14:00:00,62,73,59,67,48,70,74,57,64,59,65,70,70,71
2020-09-12 02:00:00,62,62,64,67,53,62,33,58,61,63,63,67,66,68
2020-09-12 14:00:00,62,66,58,68,50,64,66,59,58,59,67,70,71,70
2020-09-13 02:00:00,63,62,64,68,53,76,37,58,73,63,64,66,66,68
2020-09-13 14:00:00,62,73,60,69,50,70,74,56,64,60,68,70,72,70
2020-09-14 02:00:00,63,58,64,69,54,62,32,59,59,64,65,67,65,65
2020-09-14 14:00:00,64,78,64,70,51,74,77,60,67,61,68,73,73,75
2020-09-15 02:00:00,63,56,63,66,53,61,31,57,57,61,64,65,64,64
2020-09-15 14:00:00,62,72,59,69,47,71,74,54,63,59,67,72,73,73
2020-09-16 02:00:00,63,60,64,65,53,62,32,62,61,63,64,65,63,63
2020-09-16 14:00:00,58,68,58,69,47,39,66,53,59,56,67,70,71,70
2020-09-17 02:00:00,61,59,61,65,51,57,32,58,56,61,63,63,62,62
2020-09-17 14:00:00,59,69,58,68,47,63,69,40,38,61,65,65,72,70
2020-09-18 02:00:00,59,60,62,66,53,61,37,,,,,,65,63
2020-09-18 14:00:00,60,69,57,68,47,65,67,,,,,,69,70
2020-09-19 02:00:00,64,70,67,70,55,81,50,,,,,,68,71
2020-09-19 14:00:00,64,78,63,71,53,77,83,,,,,,74,73
2020-09-20 02:00:00,64,66,65,67,56,67,50,,,,,,64,65
2020-09-20 14:00:00,64,85,66,70,58,85,91,61,90,66,68,71,71,71
2020-09-21 02:00:00,64,70,66,66,58,72,48,59,78,66,66,68,65,66
2020-09-21 14:00:00,66,83,66,70,59,85,91,61,84,67,69,73,71,72
2020-09-22 02:00:00,62,69,70,68,59,72,53,61,76,69,68,70,67,68
2020-09-22 14:00:00,66,82,70,71,60,83,86,61,86,70,70,74,73,73
2020-09-23 02:00:00,62,68,71,71,61,72,41,59,77,70,68,71,70,70
2020-09-23 14:00:00,64,80,67,71,56,80,83,55,75,67,68,74,73,74
2020-09-24 02:00:00,59,75,69,69,58,71,57,61,81,65,66,69,68,69
2020-09-24 14:00:00,65,60,71,71,59,64,45,62,67,70,70,75,74,74
2020-09-25 02:00:00,60,73,68,66,59,99,62,56,100,66,65,68,64,65
2020-09-25 14:00:00,58,79,69,68,57,99,89,55,100,67,68,71,69,70
2020-09-26 02:00:00,59,68,68,67,61,93,46,53,100,65,65,68,64,64
2020-09-26 14:00:00,58,78,69,68,61,99,91,56,100,68,67,72,70,69
2020-09-27 02:00:00,56,78,70,67,61,88,80,55,100,67,64,69,69,68
2020-09-27 14:00:00,57,82,71,68,61,92,91,,,,,,69,71
2020-09-28 02:00:00,53,72,68,67,60,80,63,,,,,,65,63
2020-09-28 14:00:00,60,84,72,68,61,91,92,60,100,69,68,73,71,71
2020-09-29 02:00:00,55,68,67,64,58,75,44,57,81,66,64,66,63,60
2020-09-29 14:00:00,61,84,71,68,59,89,93,59,86,69,67,72,72,70
2020-09-30 02:00:00,62,69,70,67,60,75,44,58,76,68,66,70,66,67
2020-09-30 14:00:00,63,84,72,69,57,89,94,62,81,70,67,74,73,73
2020-10-01 02:00:00,61,82,71,68,59,79,82,58,80,68,63,66,68,65
2020-10-01 14:00:00,63,86,73,70,62,93,93,62,90,72,69,74,74,72
2020-10-02 02:00:00,61,82,74,71,63,87,80,61,100,70,69,75,70,71
2020-10-02 14:00:00,64,83,76,70,65,99,82,57,100,73,70,77,75,75
2020-10-03 02:00:00,62,59,74,69,65,81,37,57,100,70,70,73,70,71
2020-10-03 14:00:00,62,78,74,69,64,84,83,53,98,70,67,76,73,74
2020-10-04 02:00:00,63,60,73,69,64,63,41,58,69,71,68,71,68,71
2020-10-04 14:00:00,65,75,76,71,63,79,63,63,100,74,71,77,73,75
2020-10-05 02:00:00,60,67,75,69,63,75,44,59,100,73,68,73,70,68
2020-10-05 14:00:00,59,80,73,68,62,86,86,61,100,72,68,71,70,70
2020-10-06 02:00:00,53,73,73,67,62,77,60,,,,,,67,67
2020-10-06 14:00:00,65,76,75,69,65,89,66,,,,,,74,73
2020-10-07 02:00:00,64,60,74,67,64,65,41,,,,,,69,70
2020-10-07 14:00:00,62,80,73,69,59,84,90,,,,,,73,73
2020-10-08 02:00:00,55,69,72,66,61,74,39,,,,,,65,66
2020-10-08 14:00:00,62,81,74,68,59,85,89,,,,,,71,72
2020-10-09 02:00:00,53,70,73,68,60,76,44,,,,,,66,69
2020-10-09 14:00:00,63,84,72,69,58,86,87,,,,,,72,73
2020-10-10 02:00:00,66,75,72,70,61,83,73,,,,,,71,72
2020-10-10 14:00:00,62,73,72,69,59,75,82,,,,,,74,72
2020-10-11 02:00:00,51,48,70,69,56,51,32,,,,,,68,65
2020-10-11 14:00:00,60,65,73,69,57,74,73,58,70,71,68,75,73,72
2020-10-12 02:00:00,55,46,69,64,59,46,35,53,47,68,62,66,63,64
2020-10-12 14:00:00,54,68,69,65,52,70,73,56,65,70,64,71,69,66
2020-10-13 02:00:00,53,61,67,61,57,66,44,49,64,65,58,64,60,60
2020-10-13 14:00:00,53,76,68,64,58,77,79,54,75,68,62,69,68,66
2020-10-14 02:00:00,53,68,67,59,56,70,59,52,68,65,58,64,60,60
2020-10-14 14:00:00,56,65,71,65,56,59,59,56,63,68,63,70,70,68
2020-10-15 02:00:00,53,67,67,59,58,83,57,51,75,66,57,64,63,59
2020-10-15 14:00:00,55,70,69,64,57,84,83,55,71,67,62,70,70,67
2020-10-16 02:00:00,53,63,68,61,58,65,50,50,65,66,59,63,65,62
2020-10-16 14:00:00,55,74,70,64,55,77,80,55,72,68,63,69,69,65
2020-10-17 02:00:00,52,73,69,64,59,73,63,56,76,65,60,66,66,65
2020-10-17 14:00:00,56,79,71,66,57,84,87,58,78,68,64,71,71,67
2020-10-18 02:00:00,56,62,69,63,60,66,50,52,65,65,61,67,65,65
2020-10-18 14:00:00,58,77,71,67,59,82,90,57,75,69,65,71,70,69
2020-10-19 02:00:00,53,69,66,59,56,78,45,52,71,65,59,63,60,58
2020-10-19 14:00:00,54,79,68,63,53,85,90,51,76,66,61,69,68,66
2020-10-20 02:00:00,52,62,64,54,55,61,33,49,55,63,57,64,56,55
2020-10-20 14:00:00,58,71,68,65,54,69,70,53,68,67,62,69,67,68
2020-10-21 02:00:00,55,61,70,67,57,57,41,56,58,68,65,71,68,66
2020-10-21 14:00:00,61,72,71,70,57,68,71,57,70,70,67,72,72,71
2020-10-22 02:00:00,62,84,71,69,61,84,88,56,91,68,65,71,69,71
2020-10-22 14:00:00,64,90,75,70,63,92,95,60,100,72,69,75,74,74
2020-10-23 02:00:00,63,88,78,73,64,91,93,57,100,74,70,77,75,75
2020-10-23 14:00:00,67,86,77,72,63,85,70,61,100,75,71,78,76,76
2020-10-24 02:00:00,65,73,77,73,66,86,48,61,,75,71,78,74,77
2020-10-24 14:00:00,65,84,77,71,60,92,94,63,100,76,73,81,79,78
2020-10-25 02:00:00,63,76,74,70,62,85,52,58,98,72,69,75,70,72
2020-10-25 13:00:00,66,82,77,71,62,88,86,60,100,75,70,77,75,76
2020-10-26 01:00:00,60,79,73,66,63,99,93,57,98,72,65,70,69,66
2020-10-26 13:00:00,57,81,75,68,58,,94,56,100,74,67,75,74,71
2020-10-27 01:00:00,52,68,72,64,65,87,47,54,99,69,61,66,66,65
2020-10-27 13:00:00,57,69,73,68,56,87,78,52,90,72,66,73,72,70
2020-10-28 01:00:00,60,76,71,64,59,87,60,56,97,67,61,67,65,64
2020-10-28 13:00:00,63,73,76,69,61,90,91,59,98,74,66,73,72,72
2020-10-29 01:00:00,62,74,73,67,61,80,60,58,91,71,65,69,68,67
2020-10-29 13:00:00,62,83,74,69,59,90,94,56,91,72,67,74,73,72
2020-10-30 01:00:00,52,68,71,65,58,88,47,55,87,70,64,68,66,65
2020-10-30 13:00:00,61,84,73,69,57,94,93,58,81,69,67,74,73,73
2020-10-31 01:00:00,53,75,71,65,59,96,51,53,91,68,64,68,66,67
2020-10-31 13:00:00,63,87,73,70,58,95,94,58,84,71,67,74,72,72
2020-11-01 01:00:00,58,71,71,64,62,85,51,55,73,67,63,69,65,67
2020-11-01 13:00:00,60,79,74,68,58,77,76,54,78,74,66,73,72,71
2020-11-02 01:00:00,61,66,72,66,58,75,36,57,69,70,63,68,66,68
2020-11-02 13:00:00,63,78,74,69,56,79,75,50,73,72,66,74,73,73
2020-11-03 01:00:00,61,79,72,68,59,85,72,58,81,71,67,73,72,71
2020-11-03 13:00:00,59,76,74,69,58,85,87,60,74,73,68,75,72,71
2020-11-04 01:00:00,62,70,74,69,66,81,64,58,72,70,63,71,68,71
2020-11-04 13:00:00,62,73,75,69,58,79,73,58,75,72,68,76,73,73
2020-11-05 01:00:00,54,64,71,65,59,73,59,54,69,70,63,69,67,65
2020-11-05 13:00:00,60,72,75,69,58,75,69,58,72,73,66,74,71,72
2020-11-06 01:00:00,61,70,71,63,59,74,55,54,70,70,62,68,63,64
2020-11-06 13:00:00,61,80,74,68,55,84,87,57,76,71,65,73,70,71
2020-11-07 01:00:00,53,73,71,64,59,79,60,52,73,68,62,69,63,65
2020-11-07 13:00:00,59,77,74,68,59,83,74,57,77,71,66,73,70,69
2020-11-08 01:00:00,57,79,73,65,62,90,90,55,85,69,62,68,64,68
2020-11-08 13:00:00,62,83,76,70,61,91,94,59,82,73,67,75,70,73
2020-11-09 01:00:00,60,78,72,63,62,91,56,55,77,71,62,70,63,66
2020-11-09 13:00:00,56,82,73,67,57,89,91,55,78,72,65,74,68,70
2020-11-10 01:00:00,48,78,68,59,57,93,58,51,77,66,58,66,57,57
2020-11-10 13:00:00,58,84,70,65,56,81,94,54,79,68,62,70,68,68
2020-11-11 01:00:00,59,75,72,64,61,,71,56,76,66,60,66,63,68
2020-11-11 13:00:00,58,81,74,67,60,82,92,54,79,71,65,73,70,71
2020-11-12 01:00:00,54,82,67,58,59,88,49,51,69,67,58,64,57,59
2020-11-12 13:00:00,57,77,72,66,55,78,82,54,72,70,63,72,67,69
2020-11-13 01:00:00,56,66,69,60,59,83,45,48,63,65,58,63,60,62
2020-11-13 13:00:00,56,77,71,65,55,82,82,55,75,69,63,71,68,67
2020-11-14 01:00:00,58,73,70,62,60,90,47,52,71,67,59,66,62,64
2020-11-14 13:00:00,57,78,73,66,55,82,88,56,75,70,63,71,68,68
2020-11-15 01:00:00,57,74,71,63,63,83,58,53,80,68,60,68,63,65
2020-11-15 13:00:00,61,88,74,68,60,93,93,57,100,71,65,74,70,72
2020-11-16 01:00:00,60,70,71,64,59,99,52,55,100,69,62,67,65,65
2020-11-16 13:00:00,58,79,73,67,57,97,90,58,91,72,65,74,69,68
2020-11-17 01:00:00,56,74,69,61,63,96,55,53,85,68,58,66,58,60
2020-11-17 13:00:00,54,78,70,64,55,89,87,54,86,67,62,70,65,66
2020-11-18 01:00:00,53,75,64,56,59,95,54,49,83,63,54,60,54,56
2020-11-18 13:00:00,54,80,70,64,58,90,91,53,82,67,61,70,67,67
2020-11-19 01:00:00,55,84,67,59,61,94,84,53,95,65,57,65,58,60
2020-11-19 13:00:00,51,70,68,62,55,78,74,47,73,64,59,67,62,63
2020-11-20 01:00:00,54,63,66,57,55,72,47,52,62,64,55,63,57,58
2020-11-20 13:00:00,49,65,65,60,54,68,60,46,66,63,57,65,56,60
2020-11-21 01:00:00,43,61,64,54,57,72,46,46,63,60,53,61,55,57
2020-11-21 13:00:00,47,78,64,59,50,87,90,50,79,64,58,67,59,60
2020-11-22 01:00:00,43,75,63,52,53,86,55,45,82,60,52,57,49,51
2020-11-22 13:00:00,46,79,64,57,51,87,93,49,77,64,55,65,58,59
2020-11-23 01:00:00,46,74,61,53,56,92,60,44,74,58,50,56,50,51
2020-11-23 13:00:00,46,78,63,58,54,89,91,48,77,62,54,62,57,57
2020-11-24 01:00:00,49,73,64,57,59,89,52,49,71,58,52,58,53,55
2020-11-24 13:00:00,44,78,61,57,50,90,92,45,75,58,50,55,57,56
2020-11-25 01:00:00,47,76,60,54,56,92,74,47,80,54,51,58,54,57
2020-11-25 13:00:00,45,79,64,58,51,92,90,48,73,61,55,65,60,62
2020-11-26 01:00:00,47,75,62,54,57,95,61,43,72,56,50,59,53,58
2020-11-26 13:00:00,45,77,61,57,52,88,88,44,74,57,54,63,58,59
2020-11-27 01:00:00,41,73,60,53,52,92,61,47,77,57,51,56,53,52
2020-11-27 13:00:00,46,81,60,58,50,89,87,49,77,60,54,63,58,58
2020-11-28 01:00:00,45,70,52,53,53,86,57,45,72,57,53,55,48,48
2020-11-28 13:00:00,46,72,62,57,53,78,71,48,69,59,54,60,59,56
2020-11-29 01:00:00,43,66,60,54,53,78,65,46,68,57,51,54,54,52
2020-11-29 13:00:00,46,69,61,58,48,76,70,48,69,59,55,59,58,57
2020-11-30 01:00:00,48,66,61,54,55,76,65,44,66,57,51,56,51,53
2020-11-30 13:00:00,44,66,60,57,53,74,60,45,64,57,54,60,59,58
2020-12-01 01:00:00,44,77,60,52,52,86,93,44,93,55,52,54,47,47
2020-12-01 13:00:00,44,81,61,56,54,88,92,48,82,59,53,59,58,55
2020-12-02 01:00:00,46,73,59,51,55,87,76,45,76,55,50,52,49,49
2020-12-02 13:00:00,45,74,62,58,55,84,82,48,77,59,54,59,60,56
2020-12-03 01:00:00,45,63,59,52,55,84,48,44,64,56,49,53,51,51
2020-12-03 13:00:00,44,58,59,55,52,69,54,47,62,58,53,57,57,55
2020-12-04 01:00:00,46,76,60,52,54,77,86,44,100,55,51,54,51,49
2020-12-04 13:00:00,44,78,60,56,54,94,94,47,100,58,53,57,58,54
2020-12-05 01:00:00,42,76,54,51,52,95,88,44,100,55,51,53,49,45
2020-12-05 13:00:00,43,78,60,54,48,92,92,46,95,57,52,54,57,51
2020-12-06 01:00:00,46,74,61,53,56,92,76,46,90,55,51,52,53,52
2020-12-06 13:00:00,46,80,64,55,54,94,91,49,94,61,53,59,57,56
2020-12-07 01:00:00,48,76,62,52,59,92,65,48,87,58,48,53,50,53
2020-12-07 13:00:00,45,71,62,55,52,83,82,45,83,60,52,59,58,55
2020-12-08 01:00:00,47,69,62,55,58,87,61,47,80,57,50,56,52,54
2020-12-08 13:00:00,46,73,63,55,55,80,88,48,91,61,52,60,56,55
2020-12-09 01:00:00,46,66,59,50,54,86,71,45,95,57,48,55,49,49
2020-12-09 13:00:00,42,70,62,55,50,77,82,48,81,60,51,59,57,55
2020-12-10 01:00:00,36,61,57,46,49,83,50,41,75,55,45,51,47,45
2020-12-10 13:00:00,39,71,57,51,49,81,83,38,80,53,47,52,53,51
2020-12-11 01:00:00,42,77,57,48,,81,89,43,94,51,42,48,50,45
2020-12-11 13:00:00,43,84,60,52,,90,95,46,100,58,49,55,55,52
2020-12-12 01:00:00,44,84,58,49,,93,95,44,100,55,46,53,49,48
2020-12-12 13:00:00,47,84,64,54,,93,95,48,100,59,51,57,57,54
2020-12-13 01:00:00,44,77,58,48,,92,60,45,100,56,46,52,47,47
2020-12-13 13:00:00,46,77,61,54,,87,87,47,89,57,50,58,55,54
2020-12-14 01:00:00,46,67,59,51,,87,57,44,85,55,48,52,54,50
2020-12-14 13:00:00,45,78,60,54,,84,86,47,89,57,50,57,57,53
2020-12-15 01:00:00,48,75,60,52,,91,80,47,91,56,49,53,54,52
2020-12-15 13:00:00,50,87,63,55,,95,95,51,100,59,52,62,62,58
2020-12-16 01:00:00,51,82,63,55,,95,78,50,100,56,50,56,57,57
2020-12-16 13:00:00,50,83,64,56,,90,94,50,96,62,51,63,62,58
2020-12-17 01:00:00,48,77,59,51,,95,79,46,90,57,47,58,53,52
2020-12-17 13:00:00,50,84,65,56,,89,95,51,92,62,53,64,63,58
2020-12-18 01:00:00,53,81,65,56,,94,74,51,87,58,53,57,61,54
2020-12-18 13:00:00,49,83,65,57,,90,96,49,86,62,55,60,63,57
2020-12-19 01:00:00,48,77,60,53,,93,70,47,83,58,50,56,54,50
2020-12-19 13:00:00,50,82,64,57,,90,93,50,85,61,55,62,62,57
2020-12-20 01:00:00,55,83,65,56,,95,93,51,97,62,54,59,61,57
2020-12-20 13:00:00,52,86,67,59,,97,97,54,100,64,58,64,64,60
2020-12-21 01:00:00,51,77,65,58,,,84,50,98,62,53,61,62,59
2020-12-21 13:00:00,52,85,68,59,,93,93,54,95,65,57,64,64,61
2020-12-22 01:00:00,51,79,64,55,,94,62,50,87,62,53,61,57,55
2020-12-22 13:00:00,53,83,65,59,,91,92,51,84,61,55,62,64,60
2020-12-23 01:00:00,54,80,65,57,,96,81,48,90,61,56,59,58,57
2020-12-23 13:00:00,55,89,68,61,,91,95,53,99,65,59,67,65,63
2020-12-24 01:00:00,57,65,67,59,,93,50,52,100,63,55,64,62,61
2020-12-24 13:00:00,55,76,69,60,,99,86,48,99,65,56,66,65,63
2020-12-25 01:00:00,47,71,63,53,,96,58,47,93,61,51,58,55,52
2020-12-25 13:00:00,43,56,60,56,,84,44,45,58,59,52,60,60,56
2020-12-26 01:00:00,44,52,59,49,,63,42,43,55,56,47,52,50,48
2020-12-26 13:00:00,41,67,58,53,,60,73,43,71,56,48,56,57,51
2020-12-27 01:00:00,41,56,57,47,,76,45,40,60,54,44,48,51,42
2020-12-27 13:00:00,43,58,60,52,,64,42,45,63,57,49,55,58,51
2020-12-28 01:00:00,46,57,59,50,,72,44,45,88,55,47,53,53,50
2020-12-28 13:00:00,43,55,60,53,,67,46,46,55,57,51,57,59,53
2020-12-29 01:00:00,43,66,59,51,,65,52,43,87,54,46,55,53,52
2020-12-29 13:00:00,45,71,60,53,,73,78,46,77,55,49,52,53,48
2020-12-30 01:00:00,53,72,58,50,,79,67,46,74,55,47,51,52,50
2020-12-30 13:00:00,44,73,62,54,,76,87,46,80,60,52,58,59,53
2020-12-31 01:00:00,42,78,57,47,,83,59,42,88,55,45,51,49,46
2020-12-31 13:00:00,44,80,61,53,,84,89,46,93,56,49,54,56,53
2021-01-01 01:00:00,49,78,60,50,,99,93,46,100,55,46,51,55,46
2021-01-01 13:00:00,43,80,60,53,,95,91,44,98,58,49,56,58,53
2021-01-02 01:00:00,45,77,58,49,,98,82,46,92,55,47,51,52,47
2021-01-02 13:00:00,43,73,60,53,,89,79,46,79,57,49,57,61,54
2021-01-03 01:00:00,45,72,59,49,,85,75,45,76,54,47,53,50,49
2021-01-03 13:00:00,42,75,59,52,,90,90,45,88,55,49,55,58,52
2021-01-04 01:00:00,45,69,57,48,,91,72,45,75,53,45,50,50,45
2021-01-04 13:00:00,43,73,60,52,,83,82,43,79,57,48,55,58,53
2021-01-05 01:00:00,44,72,57,48,,89,75,42,77,54,45,51,50,48
2021-01-05 13:00:00,39,72,56,51,,87,81,43,74,53,44,54,55,51
2021-01-06 01:00:00,43,67,55,46,,85,66,40,72,51,44,51,50,45
2021-01-06 13:00:00,40,69,57,50,,78,74,34,69,53,46,51,59,51
2021-01-07 01:00:00,41,60,56,47,,83,55,,,,,,49,43
2021-01-07 13:00:00,39,71,55,50,,83,86,,,,,,56,49
2021-01-08 01:00:00,37,64,54,42,,82,56,,,,,,44,42
2021-01-08 13:00:00,38,67,54,48,,77,72,,,,,,52,49
2021-01-09 01:00:00,36,59,53,41,,77,50,,,,,,42,40
2021-01-09 13:00:00,36,60,53,47,,67,55,,,,,,52,46
2021-01-10 01:00:00,40,56,53,45,,68,50,,,,,,46,40
2021-01-10 13:00:00,37,57,53,49,,64,69,,,,,,54,47
2021-01-11 01:00:00,38,55,52,42,,69,50,,,,,,45,42
2021-01-11 13:00:00,38,67,54,45,,65,74,,,,,,49,47
2020-07-11 02:00:00,,58,56,61,,57,34,58,65,55,60,61,60,60
2020-07-11 14:00:00,,52,54,60,,37,44,57,46,53,60,60,59,58
2020-07-12 14:00:00,,45,53,59,,30,37,56,39,52,59,59,58,58
2020-07-13 02:00:00,,43,54,59,,39,27,55,45,53,58,59,57,57
2020-02-10 01:00:00,,,,59,,56,41,,,,,,54,54

