"Time","Télévision","Freebox","Homeciné","Robot Aspirateur","FreeBox TV","Kodi","Multimédia","Four","Garage","Plaques cuisson","Lave vaisselle","Lave linge","PZEM Général Puissance"
2020-01-12 01:00:00,2,15,0.80,3,18,3.5,7,,,,,0,
2020-01-12 13:00:00,4.8,15,0.40,2.7,15,3.5,5,,0,2244,,57,
2020-01-13 01:00:00,2,42,0.40,3,16,,6.6,,,0,2138,,
2020-01-13 13:00:00,4.8,15,0.40,2.7,18,3.5,4.9,,,0,25,,
2020-01-14 01:00:00,2.5,22,0.40,3.5,18,,5.9,,,,,0,
2020-01-14 13:00:00,2,16,0.40,2.7,18,3.5,6.6,,,0,30,,
2020-01-15 01:00:00,2.5,43,0.80,7.9,20,3.5,6,,,,,0,
2020-01-16 13:00:00,2,33,1.2,2.7,18,3.7,4.6,0,,0,,,
2020-01-17 01:00:00,1.8,23,0.40,5.3,18,3.5,5.9,,,0,2204,0,
2020-01-17 13:00:00,2,24,0.80,2.9,16,3.5,5.1,,,0,25,,
2020-01-18 01:00:00,6,24,0.40,2.9,34,3.5,5.1,,,0,2138,438,
2020-01-18 13:00:00,2.7,24,0.40,2.7,20,3.5,6,,,0,22,,
2020-01-19 01:00:00,2.5,22,20,3,19,3.5,5.1,,,,,,
2020-01-19 13:00:00,2,23,0.40,2.7,17,4.8,8,,,,,0,
2020-01-20 13:00:00,2,33,0.40,2.7,0.50,3.9,6.1,,,,,,
2020-01-21 01:00:00,2,16,0.40,3,0.60,3.9,5.3,,,,,,
2020-01-21 13:00:00,5.3,17,0.40,2.7,18,3.9,5.9,,,,,,
2020-01-22 01:00:00,5.6,23,0.40,3,18,4.6,5.1,,,,,,
2020-01-22 13:00:00,5.5,17,0.80,2.7,19,1.6,5.9,,,,,,
2020-01-23 01:00:00,2,45,3.2,18,20,,5.1,,,0,214,49,
2020-01-23 13:00:00,10,19,0.40,2.7,18,2,4.8,,,0,,,
2020-01-24 01:00:00,80,21,0.40,6.8,18,0,4.9,,,0,24,0,
2020-01-24 13:00:00,2,42,0.80,2.7,19,,6.1,,,0,220,264,
2020-01-25 01:00:00,5.5,24,1.7,3.2,20,0.40,4.9,,,0,,0,
2020-01-25 13:00:00,2.5,42,0.40,2.7,18,3.2,6.3,0,,0,225,,
2020-01-26 01:00:00,2,25,0.40,3,20,3.5,6.5,,,,24,61,
2020-01-26 13:00:00,2.7,22,0.80,2.7,18,4.3,7,,,,,,
2020-01-27 01:00:00,2,21,0.40,0,34,3.7,4.9,,,0,,0,
2020-01-27 13:00:00,2,19,2.4,2.7,17,3.7,5,,,0,25,,
2020-01-28 01:00:00,2,18,0.40,1.3,16,3.4,3.7,0,,0,,85,
2020-01-28 13:00:00,92,24,0.40,2.7,20,4,5.1,,,0,,403,
2020-01-29 01:00:00,2.2,21,0.40,3.2,17,4,5.1,,,,24,,
2020-01-29 13:00:00,2,44,0.80,2.7,18,4,20,,,0,,,
2020-01-30 01:00:00,92,19,0.40,4.1,20,4.4,5.8,,,0,,,
2020-01-30 13:00:00,2,40,0.40,2.9,17,4.3,5.1,,,,,,
2020-01-31 13:00:00,2.7,18,0.80,2.7,18,4.4,5.9,,,,24,72,
2020-02-01 13:00:00,5.9,21,4.1,2.7,18,3.7,6.4,0,0,786,25,0,
2020-02-02 01:00:00,2.9,20,0.80,3,18,4.1,6.3,,,,,55,
2020-02-02 13:00:00,94,34,0.80,2.9,33,4.1,6.3,,,0,,0,
2020-02-03 01:00:00,2,14,0.40,11,16,4.1,6,,,0,25,,
2020-02-03 13:00:00,2,44,0.40,2.7,18,4,6,,,0,,,
2020-02-04 01:00:00,2,16,0.40,3,30,3.5,4.8,,,,,,
2020-02-04 13:00:00,81,19,0.80,3.5,23,3.5,4.3,,0,0,61,,
2020-02-05 01:00:00,4.6,21,0.40,2.9,18,,5.1,,,,,,
2020-02-05 13:00:00,2.2,24,0.80,2.9,17,3.7,5.1,,,0,,,
2020-02-06 01:00:00,5,23,0.40,15,18,3.7,8.3,,,0,2202,0,
2020-02-06 13:00:00,2.2,22,9,2.7,20,3.7,4.8,,,0,223,,
2020-02-07 01:00:00,2.7,13,0.40,9,20,3.7,5.8,,,0,,178,
2020-02-07 13:00:00,2.4,37,0.80,2.9,34,,5,,,849,63,0,
2020-02-08 01:00:00,2.5,24,0.40,2.9,20,3.7,5.1,,,,,,
2020-02-08 13:00:00,2.5,23,0.80,3,17,,5.9,,0,2135,,,
2020-02-09 01:00:00,2.2,28,0.80,3,18,3.5,5.1,,,0,2150,,
2020-02-09 13:00:00,5.1,18,0.40,4,19,3.7,5.9,,0,0,11,,
2020-02-10 13:00:00,2,22,0.40,2.7,13,3.7,5.1,,,0,25,,
2020-02-11 01:00:00,2,42,0.40,18,16,4.8,5.9,,,0,,93,
2020-02-11 13:00:00,2.2,20,0.80,2.7,17,3.7,5,0,,872,218,,
2020-02-12 01:00:00,2.2,23,0.80,3.2,18,3.7,4.9,,0,,,,
2020-02-12 13:00:00,2.2,38,0.40,2.7,18,3.7,4.8,,0,0,,,
2020-02-13 01:00:00,2.5,21,0.40,5.9,18,3.7,5.8,,,0,,0,
2020-02-13 13:00:00,2,23,0.40,6.5,34,3.7,5.8,,,301,220,,
2020-02-14 01:00:00,5.3,24,0.40,18,20,3.7,5.1,0,,890,,17,
2020-02-14 13:00:00,2.7,22,0.40,3,18,3.5,6,0,0,864,,,
2020-02-15 01:00:00,56,17,6.1,5.1,15,3.2,4.8,,,,30,0,
2020-02-15 13:00:00,6.1,19,2.9,7.9,18,3.2,7.5,,0,0,,,
2020-02-16 01:00:00,5.1,29,1,3,18,3.2,7.4,,,,,,
2020-02-16 13:00:00,4.5,37,0.40,2.7,18,3,7.4,0,,,,,
2020-02-17 01:00:00,2.5,21,0.40,7.9,19,3,14,,,306,2175,,
2020-02-17 13:00:00,2.5,19,0.80,3,18,3.2,7.9,0,,790,60,,
2020-02-18 01:00:00,2.2,23,0.80,2.9,18,3.2,7.8,,,,,,
2020-02-18 13:00:00,5.1,17,0.80,7.3,17,3.2,7.4,,,359,24,,
2020-02-19 01:00:00,2.5,21,0.80,3.2,17,3,7.6,,,,,39,
2020-02-19 13:00:00,2.7,23,0.80,2.7,17,3.2,7,,,1057,,,
2020-02-20 01:00:00,2.2,22,0.40,2.9,20,3.2,7.3,,,848,73,,
2020-02-20 13:00:00,2.5,23,0.40,2.7,19,3.2,8.3,1537,,788,26,,
2020-02-21 01:00:00,2.5,24,0.80,2.9,20,3,7.3,,,1478,2183,,
2020-02-21 13:00:00,3.2,16,0.40,3,17,3,8.5,,,,59,,
2020-02-22 01:00:00,2.2,41,0.40,3.2,18,3.4,14,,,358,,2104,
2020-02-22 13:00:00,2.5,25,0.40,2.9,18,3.4,5.8,1558,37,852,30,,
2020-02-23 01:00:00,13,38,0.40,5.3,18,3.5,6,2423,,381,,107,
2020-02-23 13:00:00,5.5,25,0.80,4.3,16,4.1,5.6,,,794,187,,
2020-02-24 01:00:00,2.5,12,0.40,9.5,21,3.7,5.6,,,1131,,,
2020-02-24 13:00:00,2.5,18,0.40,3.7,13,4.5,5.9,,41,850,60,,
2020-02-25 01:00:00,2.2,33,0.40,3,17,3.7,6,,,,,53,
2020-02-25 13:00:00,2.5,41,4.9,0.40,20,3.9,6.1,,,358,,,
2020-02-26 01:00:00,2.2,28,0.40,37,18,3.7,7.1,,,1134,,106,
2020-02-26 13:00:00,2.2,23,0.80,2.7,17,3.5,7.4,,41,304,25,,
2020-02-27 01:00:00,54,25,0.40,0,17,3.5,7.5,,,1128,,,
2020-02-27 13:00:00,2.2,23,3.2,3,16,3.5,9,1590,0,1128,25,322,
2020-02-28 01:00:00,2.7,23,5.6,4,20,3.7,7.3,,,,,,
2020-02-28 13:00:00,2.2,24,0.40,2.7,14,3.7,7.3,,,853,,,
2020-02-29 01:00:00,2,38,0.40,3,0.60,3.5,8.8,,,,,,
2020-02-29 13:00:00,2.2,26,0.80,2.7,0.50,3.9,7.3,,,,,,
2020-03-01 01:00:00,2.2,33,0.40,3.7,0.60,3.9,7,,,,,,
2020-03-01 13:00:00,2.2,20,0.80,2.7,0.80,3.9,7.3,,,,,,
2020-03-02 01:00:00,2,24,0.40,3,0.60,4,7.5,,,,,,
2020-03-02 13:00:00,2.2,18,0.80,2.7,0.50,3.9,7.1,,,,,,
2020-03-03 01:00:00,2.2,43,0.80,3,0.60,3.7,7.6,,,,,,
2020-03-03 13:00:00,1.8,13,0.40,2.7,0.80,3.7,8,,,,,,
2020-03-04 01:00:00,2,23,0.40,3.4,0.60,3.5,8.1,,,,,,
2020-03-04 13:00:00,2,15,0.40,2.7,0.50,3.5,8,,,,,,
2020-03-05 01:00:00,2.2,24,0.80,3,0.50,3.5,8,,,,,,
2020-03-05 13:00:00,2,15,0.80,2.7,0.80,3.5,8,,,,,,
2020-03-06 01:00:00,2.2,21,0.40,2.9,0.50,3.7,7.6,,,,,,
2020-03-06 13:00:00,2,16,0.80,2.7,0.60,3.7,8,,,,,,
2020-03-07 01:00:00,2.2,21,0.40,3,0.50,3.7,7.5,,,,,,
2020-03-07 13:00:00,2.2,34,0.80,2.7,0.50,3.2,10,,,0,,274,
2020-03-08 01:00:00,2.5,28,5.5,3,18,3.2,8,,,,,53,
2020-03-08 13:00:00,2.5,33,0.40,2.7,18,3.2,10,,,1213,25,65,
2020-03-09 01:00:00,4.4,37,2.5,0.40,20,3.2,11,,,,,,
2020-03-09 13:00:00,2.2,15,0.40,2.7,17,3.2,11,,,,,,
2020-03-10 01:00:00,3.4,23,0.40,13,21,3.2,9.3,,,0,30,2108,
2020-03-10 13:00:00,3.5,13,0.80,2.7,20,3,11,,,0,,0,
2020-03-11 01:00:00,2.2,36,0.80,3,20,3.2,11,,,,,55,
2020-03-11 13:00:00,2.5,20,0.40,2.7,21,3.7,11,,,2279,26,,
2020-03-12 01:00:00,2.2,18,0.40,30,19,3,11,,,0,,,
2020-03-12 13:00:00,2.5,18,0.40,2.7,12,3.2,13,,,,,,
2020-03-13 01:00:00,2.2,24,0.40,3,34,3,14,,,,,42,
2020-03-13 13:00:00,4.6,25,0.40,7.9,18,3.2,13,0,,0,2199,,
2020-03-14 01:00:00,1.3,23,0.40,19,19,3,13,,,0,0,,
2020-03-14 13:00:00,1.8,16,1.2,2.7,15,4.9,12,,,,60,0,
2020-03-15 01:00:00,92,21,0.80,0,20,3.9,11,,,0,,,
2020-03-15 13:00:00,4.3,21,0.40,2.7,16,4.9,12,0,0,,,0,
2020-03-16 01:00:00,3.2,17,0.40,3,39,4,12,0,0,0,80,57,
2020-03-16 13:00:00,2.7,35,0.80,2.7,19,3.9,12,,40,316,24,,
2020-03-17 01:00:00,92,26,0.40,37,20,4,10,,10,0,0,,
2020-03-17 13:00:00,2.2,29,1,2.7,13,4.8,11,,0,0,,,
2020-03-18 01:00:00,2,16,4.5,3.4,25,4,6.8,,0,0,0,214,
2020-03-18 13:00:00,4,20,0.40,2.7,18,4,7.8,,41,0,,84,
2020-03-19 01:00:00,2.2,22,4.1,18,18,4,6.8,0,17,1940,60,,
2020-03-19 13:00:00,1.8,30,2.9,4.3,25,3.5,7,,10,1642,33,,
2020-03-20 01:00:00,2.7,41,0.40,3.2,34,3.5,6.8,0,515,0,,,
2020-03-20 13:00:00,56,21,0.80,2.7,12,3.5,8,,0,0,24,0,
2020-03-21 01:00:00,2.7,43,14,18,17,3.5,8,,130,0,,0,
2020-03-21 13:00:00,5.5,29,0.40,2.7,18,3.7,9.6,,40,,26,,
2020-03-22 01:00:00,5.6,21,1.7,3.5,19,3.7,9.1,,64,0,,0,
2020-03-22 13:00:00,21,23,0.40,2.7,18,3.7,9.6,,0,0,0,,
2020-03-23 01:00:00,89,24,0.40,3,18,3.7,10,,0,305,,,
2020-03-23 13:00:00,4.5,22,0.40,2.7,21,3.7,9.6,,43,0,,57,
2020-03-24 01:00:00,32,24,0.40,37,19,3.5,10,,,1218,205,,
2020-03-24 13:00:00,2.2,18,0.40,2.7,18,3.5,11,,373,0,,,
2020-03-25 01:00:00,18,20,2.2,6.4,18,3.7,14,0,,,,0,
2020-03-25 13:00:00,2.5,23,0.40,2.7,19,3.5,7,,,0,30,,
2020-03-26 01:00:00,95,21,0.80,25,21,3.7,6.8,,,0,,,
2020-03-26 13:00:00,1.8,23,0.80,2.7,18,4.9,11,0,,0,30,,
2020-03-27 01:00:00,91,24,0.80,3,20,4,13,0,,0,,,
2020-03-27 13:00:00,14,22,0.80,2.7,21,4.9,10,,42,,61,,
2020-03-28 01:00:00,94,23,0.40,2.9,19,4,11,0,,0,,0,
2020-03-28 13:00:00,4.1,32,0.40,2.7,17,5,12,0,0,0,,62,
2020-03-29 01:00:00,5.3,21,0.40,3,17,4.1,11,920,,0,63,66,
2020-03-29 14:00:00,60,31,4,2.7,17,4.9,10,1549,0,0,31,,
2020-03-30 02:00:00,2.4,20,6,6.5,20,4,14,,,0,69,,
2020-03-30 14:00:00,2.7,19,0.40,2.7,18,4.9,12,,,0,31,26,
2020-03-31 02:00:00,95,23,0.40,4.4,20,4,11,,,0,73,,
2020-03-31 14:00:00,2.9,22,0.40,2.7,20,4.9,13,,0,797,137,,
2020-04-01 02:00:00,91,24,0.40,2.9,20,4,13,,,0,,0,
2020-04-01 14:00:00,3.2,21,0.40,2.7,21,4.9,12,,,0,206,0,
2020-04-02 02:00:00,92,22,0.40,3,20,4,14,,,0,,0,
2020-04-02 14:00:00,59,25,0.80,2.7,18,4.1,15,0,0,794,31,,
2020-04-03 02:00:00,92,22,0.40,38,21,4,12,,439,0,,0,
2020-04-03 14:00:00,5.1,29,0.40,2.7,16,4,14,,284,361,233,0,
2020-04-04 02:00:00,92,35,0.40,3,20,4.1,13,1562,,0,,,
2020-04-04 14:00:00,3.7,20,0.40,2.7,16,4.8,9.6,0,0,0,,,
2020-04-05 02:00:00,4.3,44,3,2.9,20,4,8.6,,1050,0,24,,
2020-04-05 14:00:00,3.2,24,0.40,2.7,12,5.3,8.5,,41,573,,,
2020-04-06 02:00:00,2.7,22,1.5,4.5,18,3.5,48,,,0,0,0,
2020-04-06 14:00:00,2.7,18,0.40,2.7,19,4.8,11,,,,,,
2020-04-07 02:00:00,97,20,1.2,4.3,20,3.5,11,0,,,61,,
2020-04-07 14:00:00,4.5,21,0.40,2.7,14,5.6,8.8,0,,0,,,
2020-04-08 02:00:00,85,21,3.2,16,21,3.5,11,,564,0,85,,
2020-04-08 14:00:00,3.2,33,0.40,2.7,13,4.4,12,,2129,0,227,,
2020-04-09 02:00:00,94,20,0.40,3,21,4.1,8.6,,1243,0,229,,
2020-04-09 14:00:00,1.8,23,0.40,2.7,23,3.7,8.6,,41,0,,0,
2020-04-10 02:00:00,4.5,25,0.40,3,21,3.5,11,,677,0,58,0,
2020-04-10 14:00:00,2.7,26,0.40,5.6,17,5.1,12,,0,,,,
2020-04-11 02:00:00,92,22,17,2.9,18,5,18,,,,,,
2020-04-11 14:00:00,2.5,23,0.40,2.7,14,5.1,54,0,219,0,0,,
2020-04-12 02:00:00,92,23,0.40,5,21,5,11,,132,0,,48,
2020-04-12 14:00:00,4.4,22,0.80,2.7,27,4.8,13,,42,,,,
2020-04-13 02:00:00,9,24,2,4,18,5,12,,12,0,59,0,
2020-04-13 14:00:00,5,16,0.40,2.7,24,4.9,12,,,902,,,
2020-04-14 02:00:00,47,36,0.40,3,19,5,11,,0,2705,21,0,
2020-04-14 14:00:00,2.5,20,2,2.7,17,4,14,,,275,,,
2020-04-15 02:00:00,5.5,16,0.40,3,20,3.7,12,,,0,29,0,
2020-04-15 14:00:00,1.8,19,1.3,2.7,15,3.5,12,0,,0,,,
2020-04-16 02:00:00,95,19,0.60,4.6,21,3.7,19,,,0,0,0,
2020-04-16 14:00:00,2,18,0.40,2.7,12,3.7,12,0,44,0,,,
2020-04-17 02:00:00,2.2,24,0.40,0.50,16,3.7,14,,,0,223,0,
2020-04-17 14:00:00,2.2,21,0.80,2.7,22,3.7,12,,,0,,,
2020-04-18 02:00:00,5,24,0.80,3,21,3.7,262,,454,0,0,0,
2020-04-18 14:00:00,2.5,16,0.40,2.7,14,5.3,14,,10,1678,26,,
2020-04-19 02:00:00,52,15,0.40,65,20,4.1,14,,0,859,32,0,
2020-04-19 14:00:00,24,16,0.40,4.3,17,5.5,12,,10,0,32,,
2020-04-20 02:00:00,3.5,25,0.80,3,19,3.5,18,,0,0,,,
2020-04-20 14:00:00,4.5,23,0.40,2.7,12,4.6,12,,50,0,232,0,
2020-04-21 02:00:00,94,22,0.40,3,20,3.5,14,,30,,,0,
2020-04-21 14:00:00,2,12,0.40,2.7,12,3.7,12,,25,,,,
2020-04-22 02:00:00,2.5,22,0.80,6.5,18,3.5,14,,168,,,,
2020-04-22 14:00:00,2,12,0.40,2.7,13,4.6,12,0,0,,25,,
2020-04-23 02:00:00,5,38,1.2,2.9,20,3.5,13,,18,0,,,
2020-04-23 14:00:00,3.7,17,0.40,2.7,15,4.6,12,0,49,0,31,,
2020-04-24 02:00:00,94,24,0.40,3.7,20,3.7,11,,0,,,0,
2020-04-24 14:00:00,2.5,17,6.3,2.7,18,4.6,11,,62,346,20,,
2020-04-25 02:00:00,4.5,22,3.5,7.9,20,3,14,0,133,0,,,
2020-04-25 14:00:00,1.8,32,0.40,2.7,0.50,4.5,12,,0,0,229,,
2020-04-26 02:00:00,3.7,24,0.80,8.1,18,3.2,13,,63,0,,62,
2020-04-26 14:00:00,4.6,17,0.80,2.7,11,4.3,13,0,10,0,,,
2020-04-27 02:00:00,90,23,0.80,12,18,3,12,,14,0,60,0,
2020-04-27 14:00:00,3,35,0.80,2.7,18,3.2,12,1573,10,356,0,,
2020-04-28 02:00:00,50,24,0.40,4.4,20,3.2,14,,849,0,,193,
2020-04-28 14:00:00,1.8,20,0.80,2.7,14,3.9,12,,10,,,0,
2020-04-29 02:00:00,2.2,48,0.40,3,33,3,12,,21,579,,0,
2020-04-29 14:00:00,5.1,15,0.80,2.7,17,3.2,12,,0,0,25,,
2020-04-30 02:00:00,73,17,2.9,4.8,38,3,13,,62,793,,,
2020-04-30 14:00:00,92,20,0.40,2.7,19,3.9,9.1,,53,0,32,,
2020-05-01 02:00:00,95,24,0.40,2.9,20,0.80,10,,22,784,,,
2020-05-01 14:00:00,93,17,0.80,2.7,11,0.80,12,,0,322,32,,
2020-05-02 02:00:00,94,21,0.80,25,21,0.80,11,1510,22,0,,0,
2020-05-02 14:00:00,92,29,0.80,2.7,15,0.80,10,,0,0,25,0,
2020-05-03 02:00:00,95,23,0.80,6.5,20,0.80,11,,22,0,,,
2020-05-03 14:00:00,94,22,5.5,0.40,18,0.80,10,,0,,,,
2020-05-04 02:00:00,95,34,0.80,2.7,18,0.80,53,1590,65,,32,0,
2020-05-04 14:00:00,0,11,0.40,2.7,11,0.80,11,,0,897,,,
2020-05-05 02:00:00,0,22,5.6,2.9,15,0.80,14,,37,0,231,,
2020-05-05 14:00:00,88,21,0.40,3,11,0.80,12,,24,1139,32,,
2020-05-06 02:00:00,86,19,5.6,6.4,21,0.80,15,,158,0,,0,
2020-05-06 14:00:00,94,43,0.40,2.7,12,0.80,12,0,0,0,234,,
2020-05-07 02:00:00,7.6,21,0.80,9.3,18,0.80,13,,747,0,,156,
2020-05-07 14:00:00,90,26,0.40,2.9,13,0.80,12,0,15,790,14,0,
2020-05-08 02:00:00,95,17,0.80,3,16,0.80,19,,2083,0,,0,
2020-05-08 14:00:00,0,15,0.40,3,13,0.80,14,,15,868,62,,
2020-05-09 02:00:00,91,21,0.40,7.3,20,0.80,11,,82,0,,,
2020-05-09 14:00:00,95,13,4.3,3,34,0.80,12,,16,0,,,
2020-05-10 02:00:00,91,44,4.8,9.1,17,0.80,11,0,128,0,59,,
2020-05-10 14:00:00,92,15,0.40,3,17,4.3,12,0,16,0,,,
2020-05-11 02:00:00,86,43,0.80,3.4,17,3.4,14,,65,0,222,,
2020-05-11 14:00:00,92,19,0.40,2.7,18,4.1,14,,15,0,31,,
2020-05-12 02:00:00,95,23,0.40,7,21,3,12,,22,795,,61,
2020-05-12 14:00:00,0,17,0.40,3,18,3.2,12,,14,1883,,0,
2020-05-13 02:00:00,96,20,0.80,2.9,20,3,18,,23,0,129,,
2020-05-13 14:00:00,0,20,0.80,4.5,23,4,12,,0,1892,,,
2020-05-14 02:00:00,95,25,0.40,3,19,3,14,,61,0,60,0,
2020-05-14 14:00:00,47,19,0.40,2.7,19,3.4,12,,0,0,,,
2020-05-15 02:00:00,95,22,0.40,36,19,3,12,,15,0,31,,
2020-05-15 14:00:00,0,19,0.40,2.7,12,3,15,,0,,,,
2020-05-16 02:00:00,85,20,1.3,2.9,17,,12,0,33,855,60,0,
2020-05-16 14:00:00,0,19,0.80,2.7,13,3,12,,0,0,48,,
2020-05-17 02:00:00,95,24,0.40,2.9,20,,12,,22,,,,
2020-05-17 14:00:00,2,35,0.40,2.9,13,3,12,,0,,,,
2020-05-18 02:00:00,95,18,0.40,2.9,0.60,3.9,13,,24,0,70,,
2020-05-18 14:00:00,93,23,0.40,2.9,16,3.7,12,,0,,95,,
2020-05-19 02:00:00,95,25,3.9,0,21,3,14,,22,0,,,
2020-05-19 14:00:00,91,15,0.40,3,13,3.2,12,,16,0,32,,
2020-05-20 02:00:00,93,23,4,1.6,28,5,12,0,23,0,,0,
2020-05-20 14:00:00,92,32,0.40,2.7,31,3.4,11,0,0,0,27,,
2020-05-21 02:00:00,39,24,0.40,6.3,21,3,12,,33,,,,
2020-05-21 14:00:00,94,21,0.80,2.7,16,4,11,,0,0,63,,
2020-05-22 02:00:00,95,25,0.40,3,20,3,12,,313,0,,0,
2020-05-22 14:00:00,95,12,0.80,2.7,28,3.4,14,,0,907,32,,
2020-05-23 02:00:00,29,46,0.40,2.9,19,3,14,,23,0,,41,
2020-05-23 14:00:00,0,21,0.40,2.9,11,3,15,1617,0,107,64,,
2020-05-24 02:00:00,0,36,0.50,2.9,17,3,15,,23,2293,,,
2020-05-24 14:00:00,91,16,0.40,3.4,18,3.2,14,,0,794,,,
2020-05-25 02:00:00,95,23,9.6,7.8,34,3,13,,311,,80,,
2020-05-25 14:00:00,89,28,0.80,2.7,12,3.9,12,,0,0,31,,
2020-05-26 02:00:00,43,24,5.4,4.9,18,3,11,0,79,,,0,
2020-05-26 14:00:00,97,24,0.40,2.5,15,3.2,12,,0,0,63,,
2020-05-27 02:00:00,95,39,4.3,3,16,3,14,,313,0,,51,
2020-05-27 14:00:00,94,45,0.80,5,18,4.5,12,,0,,63,,
2020-05-28 02:00:00,95,25,0.80,3,17,3,48,,30,0,,0,
2020-05-28 14:00:00,95,23,0.60,2.7,18,3,14,,0,0,236,,
2020-05-29 02:00:00,87,34,0.80,2.9,18,3,14,0,30,,,,
2020-05-29 14:00:00,94,15,0.40,4.5,18,3.9,14,0,0,908,203,,
2020-05-30 02:00:00,91,23,0.40,3,18,3,19,,530,904,,,
2020-05-30 14:00:00,95,19,0.40,6.9,11,3.2,12,,0,0,,,
2020-05-31 02:00:00,93,20,1.7,3.2,18,3,12,,65,,192,,
2020-05-31 14:00:00,0,23,0.40,2.9,12,3.9,12,,42,0,,,
2020-06-01 02:00:00,66,25,5.8,3.2,18,3,12,,70,0,,,
2020-06-01 14:00:00,2,18,0.40,2.9,16,4.4,13,,0,0,187,,
2020-06-02 02:00:00,95,23,0.40,6.5,18,3,13,,62,2301,,0,
2020-06-02 14:00:00,87,21,0.80,2.7,11,3.2,11,0,0,0,,,
2020-06-03 02:00:00,94,23,1.7,0,18,3,12,0,67,0,2166,0,
2020-06-03 14:00:00,91,31,0.40,2.7,33,4.1,12,,0,0,186,,
2020-06-04 02:00:00,94,21,0.40,3,18,3,16,,226,0,78,,
2020-06-04 14:00:00,91,21,0.80,2.7,15,3.2,12,0,0,900,25,,
2020-06-05 02:00:00,95,21,3.4,3.5,21,3,14,0,1729,,69,,
2020-06-05 14:00:00,82,16,0.40,2.7,15,3,12,,0,,31,,
2020-06-06 02:00:00,95,22,0.40,6,20,3,12,,64,,,,
2020-06-06 14:00:00,95,21,0.40,2.7,26,2.7,12,,14,0,0,0,
2020-06-07 02:00:00,95,22,1.7,7.1,17,0,13,,75,,,0,
2020-06-07 14:00:00,86,18,0.40,2.7,21,3.7,15,,48,,,,
2020-06-08 02:00:00,0,23,0.40,4.3,18,3,13,,168,386,80,0,
2020-06-08 14:00:00,93,23,0.40,7.9,18,3.2,12,,0,864,25,,
2020-06-09 02:00:00,94,40,0.40,3.7,39,3,16,,67,0,0,15,
2020-06-09 14:00:00,94,19,0.40,2.7,13,4,12,,49,,,,
2020-06-10 02:00:00,63,24,0.40,4.5,20,3,12,,111,0,61,0,
2020-06-10 14:00:00,94,15,0.40,2.7,13,3.2,15,0,50,0,,,
2020-06-11 02:00:00,95,23,0.80,3,20,3,13,1570,67,0,30,0,
2020-06-11 14:00:00,0,19,0.40,2.7,18,3,13,,0,0,,,
2020-06-12 02:00:00,94,42,0.40,3,20,3,565,,112,0,79,224,
2020-06-12 14:00:00,94,23,0.40,7.1,28,3,14,,0,0,221,64,
2020-06-13 02:00:00,95,27,0.50,4,17,3.2,13,0,68,,163,,
2020-06-13 14:00:00,0,23,2,3,17,3.2,15,,50,0,0,,
2020-06-14 02:00:00,91,19,3.5,3,25,3.2,12,,68,0,,,
2020-06-14 14:00:00,92,23,0.40,2.7,16,3,12,,0,0,182,,
2020-06-15 02:00:00,92,22,0.40,3,34,3,14,0,140,0,,,
2020-06-15 14:00:00,94,13,0.40,2.7,14,3.2,14,,48,1636,26,,
2020-06-16 02:00:00,94,22,0.40,3,21,3.2,12,,99,,26,17,
2020-06-16 14:00:00,0,12,0.40,2.7,18,3.4,12,0,48,,67,,
2020-06-17 02:00:00,96,23,0.40,3,18,3.2,14,,68,0,,15,
2020-06-17 14:00:00,95,36,0.40,2.7,21,3,13,,0,786,217,,
2020-06-18 02:00:00,0,42,0.40,3.5,17,3,12,,67,1198,,0,
2020-06-18 14:00:00,0,18,5.1,2.7,0.50,3.2,39,0,0,855,31,,
2020-06-19 02:00:00,95,24,0.40,3,34,3,13,,68,0,,,
2020-06-19 14:00:00,91,18,0.40,2.7,16,3.9,14,,48,861,,,
2020-06-20 02:00:00,94,46,0.40,6.4,21,3,12,,110,0,2167,31,
2020-06-20 14:00:00,94,34,0.40,2.7,12,4.1,12,,0,,25,,
2020-06-21 02:00:00,0,22,0.50,3,18,3,14,,68,0,,,
2020-06-21 14:00:00,94,21,0.40,3.2,13,3,12,,0,2675,31,,
2020-06-22 02:00:00,94,24,0.80,3.7,21,4,12,,113,0,,,
2020-06-22 14:00:00,0,23,17,2.7,13,3.2,12,,48,0,,,
2020-06-23 02:00:00,94,22,0.50,3,21,3,12,,68,,31,0,
2020-06-23 14:00:00,11,23,0.40,2.7,18,3.2,14,0,39,790,,,
2020-06-24 02:00:00,96,22,0.40,0.40,17,3,13,,68,,26,,
2020-06-24 14:00:00,95,22,0.80,2.7,18,3,13,,49,,,,
2020-06-25 02:00:00,90,21,0.40,3,20,3,12,,71,0,2121,0,
2020-06-25 14:00:00,0,18,0.80,2.7,18,3.9,12,,50,,61,,
2020-06-26 02:00:00,0,22,0.40,3.5,18,3,14,,67,,,,
2020-06-26 14:00:00,0,22,0.80,2.9,0.50,3,12,,0,,,,
2020-06-29 02:00:00,95,25,0.40,3,19,3,12,0,67,905,2140,316,
2020-06-29 14:00:00,94,13,0.40,2.7,21,3.2,12,,0,864,223,,
2020-06-30 02:00:00,90,21,0.40,6.3,20,3,15,,72,0,,,
2020-06-30 14:00:00,86,23,0.40,2.7,18,4.1,15,,39,,61,,
2020-07-01 02:00:00,89,15,0.40,3,17,3,12,,141,0,,0,
2020-07-01 14:00:00,82,19,0.80,2.7,21,3.7,15,0,0,0,55,,
2020-07-02 02:00:00,90,22,0.80,3,20,3,14,,70,,,,
2020-07-02 14:00:00,0,22,0.80,2.7,18,3,14,0,0,861,,,
2020-07-03 02:00:00,94,20,0.40,47,19,2.7,12,,68,0,88,454,
2020-07-03 14:00:00,94,13,0.80,2.9,18,2.7,11,,0,0,25,,
2020-07-04 02:00:00,95,23,0.40,3.2,19,2.7,11,1540,72,,,55,
2020-07-04 14:00:00,96,16,0.40,2.5,27,2.7,12,,10,0,30,,
2020-07-05 02:00:00,95,17,0.80,2.9,20,2.9,12,,68,,,0,
2020-07-05 14:00:00,94,22,0.40,2.7,16,2.9,12,,0,,,,
2020-07-06 02:00:00,94,22,0.40,35,17,2.7,18,,66,1483,25,115,
2020-07-06 14:00:00,94,13,0.80,2.7,18,2.5,12,0,0,0,,62,
2020-07-07 02:00:00,95,21,0.40,2.9,20,2.5,12,,69,,2141,,
2020-07-07 14:00:00,0,14,0.40,2.7,15,2.5,12,0,39,1126,24,,
2020-07-08 02:00:00,95,17,0.40,2.9,20,2.7,12,0,70,,,68,
2020-07-08 14:00:00,0,13,0.80,3,18,2.7,15,,0,0,0,,
2020-07-09 02:00:00,59,23,0.80,3,20,2.7,12,,73,0,,,
2020-07-09 14:00:00,53,14,0.40,6.3,15,2.7,12,0,0,866,25,71,
2020-07-10 02:00:00,95,25,0.40,3,21,2.5,12,,70,854,,,
2020-07-10 14:00:00,94,16,0.40,2.7,13,2.7,12,,0,,0,,
2020-07-11 02:00:00,0,22,0.40,2.9,18,2.5,12,,71,,,,
2020-07-11 14:00:00,0,13,0.80,2.7,0.50,2.5,12,,0,,,,
2020-07-12 02:00:00,0,20,0.40,3.4,0.60,2.5,12,,69,,,,
2020-07-12 14:00:00,0,40,0.80,3,0.60,2.5,12,,0,,,,
2020-07-13 02:00:00,0,20,0.80,3,0.50,2.5,12,,70,,,,
2020-07-13 14:00:00,55,18,0.40,3.4,18,2.5,12,,39,,,82,
2020-07-14 02:00:00,95,27,0.80,2.9,18,2.5,12,,103,,,,
2020-07-14 14:00:00,92,34,0.80,2.7,18,2.5,12,,47,0,25,,
2020-07-15 02:00:00,91,23,0.40,3,20,2.5,12,,70,0,,,
2020-07-15 14:00:00,95,19,0.40,2.7,38,2.7,12,0,0,,,247,
2020-07-16 02:00:00,88,24,0.40,3,18,0,12,,16,,81,,
2020-07-16 14:00:00,2.7,16,0.80,3.4,18,0,13,,0,0,62,,
2020-07-17 02:00:00,48,23,0,8.8,21,0,12,,70,0,,137,
2020-07-17 14:00:00,0,33,0.40,2.9,16,0,12,0,0,,,55,
2020-07-18 02:00:00,95,21,0.80,3,18,0,12,,69,,26,175,
2020-07-18 14:00:00,91,16,0.80,3.4,17,0,12,,0,0,,,
2020-07-19 02:00:00,95,21,0.40,3,21,0,12,,75,,,,
2020-07-19 14:00:00,90,15,0.40,2.7,14,0,14,,0,0,61,,
2020-07-20 02:00:00,48,22,0.40,3.7,19,0,12,,71,0,,173,
2020-07-20 14:00:00,95,23,0.40,2.7,18,0,13,,0,0,25,,
2020-07-21 02:00:00,94,22,0.80,3,18,0,13,,62,0,,,
2020-07-21 14:00:00,90,15,0.80,3.2,17,0,13,,39,,,0,
2020-07-22 02:00:00,95,22,0.40,3,18,0,12,,68,0,74,,
2020-07-22 14:00:00,25,23,0.40,3,18,0,12,,0,,26,,
2020-07-23 02:00:00,95,22,0.40,3,20,0,15,2405,68,0,,,
2020-07-23 14:00:00,0,22,0.80,2.7,17,0,12,,49,,62,43,
2020-07-24 02:00:00,90,25,0.40,3,21,3.2,15,,68,0,,44,
2020-07-24 14:00:00,90,43,0.80,7.8,17,3,14,,11,0,160,0,
2020-07-25 02:00:00,0,22,0.80,3.7,18,3,12,,72,,,,
2020-08-01 14:00:00,0,23,0.80,3.2,18,0,12,0,59,0,0,179,
2020-08-02 02:00:00,94,22,0.80,2.9,18,4.9,12,,71,,,0,
2020-08-02 14:00:00,87,21,0.80,2.7,18,1.5,12,,0,0,25,0,
2020-08-03 02:00:00,56,23,0.80,4.8,17,1.2,316,,106,,,58,
2020-08-03 14:00:00,95,21,0.40,2.7,18,0,14,0,0,0,,,
2020-08-04 02:00:00,70,20,0.40,2.9,20,0,12,,107,,31,90,
2020-08-04 14:00:00,94,22,0.40,2.7,18,0,14,,41,0,,,
2020-08-05 02:00:00,95,21,0.80,2.9,21,0,12,,67,,0,,
2020-08-05 14:00:00,0,21,0.40,2.7,18,0,12,,0,,,,
2020-08-06 02:00:00,0,21,0.80,2.9,0.60,0,14,,68,,,,
2020-08-06 14:00:00,0,33,0.80,3,0.60,0,14,,0,,,,
2020-08-07 02:00:00,0,21,0.80,2.7,0.60,0,14,,68,,,,
2020-08-07 14:00:00,0,21,0.80,2.7,0.60,0,14,,0,,,,
2020-08-08 02:00:00,0,21,0.80,2.7,0.50,0,14,,68,,,,
2020-08-08 14:00:00,0,21,0.80,3,0.60,0,12,,0,,,,
2020-08-09 02:00:00,0,39,0.80,3.5,0.50,0,12,,68,,,,
2020-08-09 14:00:00,0,22,0.40,2.9,0.50,0,12,,15,,27,,
2020-08-10 02:00:00,95,24,0.40,2.9,20,0,14,,68,0,70,52,
2020-08-10 14:00:00,95,24,0.40,2.7,21,0,14,0,0,0,194,,
2020-08-11 02:00:00,91,23,0.40,4.9,21,4,10,,68,,,0,
2020-08-11 14:00:00,2.2,22,0.80,2.7,19,4.1,11,,39,864,60,0,
2020-08-12 02:00:00,95,22,0.40,3,21,3.2,12,,338,0,,0,
2020-08-12 14:00:00,94,23,0.40,2.7,17,3,13,,49,0,31,,
2020-08-13 02:00:00,88,21,0.40,4.5,18,2.7,18,,66,860,,182,
2020-08-13 14:00:00,91,14,0.40,2.7,18,3.5,12,,0,0,,,
2020-08-14 02:00:00,96,21,0.40,3.4,18,3.2,12,,66,0,80,0,
2020-08-14 14:00:00,94,22,0.80,3,0.50,3.4,12,0,0,,,,
2020-08-15 02:00:00,95,22,0.40,4,20,3.5,12,,66,907,26,,
2020-08-15 14:00:00,94,15,0.80,2.7,18,3.4,12,,0,0,61,,
2020-08-16 02:00:00,95,22,0.40,3,21,3,12,,76,,,,
2020-08-16 14:00:00,94,23,0.40,2.7,20,3.4,11,0,0,0,,,
2020-08-17 02:00:00,94,22,0.80,5.8,18,3.7,12,,66,0,25,0,
2020-08-17 14:00:00,96,40,0.40,2.7,19,3,11,,0,0,0,,
2020-08-18 02:00:00,0,22,0.80,2.9,18,3.4,11,0,66,0,2138,0,
2020-08-18 14:00:00,89,26,0.80,7.9,18,3.5,11,,40,0,229,,
2020-08-19 02:00:00,51,25,0.40,2.9,0.60,3.2,11,,70,,,,
2020-08-19 14:00:00,95,23,0.80,2.5,18,3,12,,49,,,,
2020-08-20 02:00:00,0,22,0.80,3,18,3,11,,66,,,,
2020-08-20 14:00:00,95,23,0.40,2.7,18,3,11,,10,0,26,0,
2020-08-21 02:00:00,95,22,0.40,9.3,18,3,11,,66,0,75,,
2020-08-21 14:00:00,96,23,0.80,2.7,18,3,11,,0,0,32,,
2020-08-22 02:00:00,95,26,0.40,3,20,3.2,11,,60,,0,41,
2020-08-22 14:00:00,92,17,0.40,2.7,18,4.1,11,0,18,0,63,,139
2020-08-23 02:00:00,95,23,0.80,6.5,17,0,12,,65,0,,,256
2020-08-23 14:00:00,94,17,0.80,2.7,18,0,14,0,0,,62,,142
2020-08-24 02:00:00,90,21,0.40,6.1,19,0,13,0,64,,,54,555
2020-08-24 14:00:00,90,17,0.40,2.7,19,0,12,0,0,,,,152
2020-08-25 02:00:00,61,23,0.40,3.4,21,0,13,1492,64,0,2161,,2610
2020-08-25 14:00:00,93,15,0.40,2.7,18,0,13,,39,0,26,,172
2020-08-26 02:00:00,96,22,0.40,0,20,0,13,,66,,,333,247
2020-08-26 14:00:00,0,15,0.80,2.7,18,0,12,0,15,0,,,141
2020-08-27 02:00:00,91,22,0.40,4,19,0,13,,65,,30,48,1350
2020-08-27 14:00:00,94,17,1.7,2.7,18,0,12,,0,0,,,147
2020-08-28 02:00:00,94,21,0.40,4,21,0,12,,64,1686,24,51,368
2020-08-28 14:00:00,0,15,0.40,0.40,18,0,13,0,0,902,25,,240
2020-08-29 02:00:00,45,25,0.40,2.9,20,0,12,0,65,0,107,,350
2020-08-29 14:00:00,91,17,0.40,8.1,18,0,13,,0,0,,,141
2020-08-30 02:00:00,92,23,0.40,2.9,18,0,13,0,63,,,59,1620
2020-08-30 14:00:00,91,13,0.80,2.7,13,3.2,13,0,49,0,62,,455
2020-08-31 02:00:00,88,22,0.80,9.8,21,3.2,13,,100,,,190,
2020-08-31 14:00:00,0,22,0.40,2.7,18,0.30,20,,48,0,,,
2020-09-01 02:00:00,87,23,0.40,3.2,21,0,20,,69,0,2216,55,
2020-09-01 14:00:00,96,21,0.80,2.7,34,0,13,,50,0,25,,
2020-09-02 02:00:00,94,21,0.40,3.2,21,0,13,,69,0,,45,
2020-09-02 14:00:00,89,22,0.80,5.5,18,2,13,,45,0,28,,147
2020-09-03 02:00:00,97,25,0.40,3.2,20,3,48,,69,362,,,405
2020-09-03 14:00:00,0,24,0.80,2.7,17,3,13,,12,2754,63,,145
2020-09-04 02:00:00,94,22,0.40,3.4,21,3,13,0,74,358,,171,405
2020-09-04 14:00:00,95,20,0.50,2.7,20,3.2,13,,11,,,,151
2020-09-05 02:00:00,88,24,0.40,3.4,34,11,12,,70,0,0,96,283
2020-09-05 14:00:00,0,23,0.40,3,18,13,12,,49,0,,,206
2020-09-06 02:00:00,91,21,0.40,3,20,0,12,0,70,349,25,,413
2020-09-06 14:00:00,0,22,0.40,2.7,34,0,13,,11,0,26,,869
2020-09-07 02:00:00,91,22,0.40,15,20,0,13,,74,,,,451
2020-09-07 14:00:00,0,23,0.40,2.7,34,0,13,,11,0,,,233
2020-09-08 02:00:00,95,21,0.80,4.5,21,0,13,,69,0,31,,420
2020-09-08 14:00:00,0,22,0.40,2.7,18,0,12,0,50,859,,,291
2020-09-09 02:00:00,94,21,0.40,2.9,18,0,11,,69,0,25,46,2524
2020-09-09 14:00:00,94,21,1.8,2.9,18,0,12,0,10,202,13,,141
2020-09-10 02:00:00,91,21,0.40,7.9,20,0,12,0,69,0,2151,,2488
2020-09-10 14:00:00,0,17,0.40,2.7,16,1,12,,11,0,25,,157
2020-09-11 02:00:00,95,0,0.40,3.4,19,0,4.8,,60,,,,284
2020-09-11 14:00:00,50,0,0.40,2.7,19,0.40,8.1,,10,0,0,,958
2020-09-12 02:00:00,94,0,0.40,3,17,1,11,,69,0,,64,267
2020-09-12 14:00:00,95,0,0.40,2.7,11,0,12,,10,860,61,,146
2020-09-13 02:00:00,91,0,0.80,2.9,18,0,13,,59,906,,,226
2020-09-13 14:00:00,95,0,0,2.7,16,0,11,0,10,0,,,248
2020-09-14 02:00:00,90,0,0.40,6.3,20,0,13,,69,,0,,316
2020-09-14 14:00:00,94,0,0.40,2.7,17,0,13,,10,0,,239,1580
2020-09-15 02:00:00,94,0,0.80,3.4,19,0,13,,69,0,2152,,2530
2020-09-15 14:00:00,90,0,0.40,2.7,20,0,13,,11,0,24,,868
2020-09-16 02:00:00,95,0,0.80,3,20,0,11,,69,0,,49,212
2020-09-16 14:00:00,94,0,0.80,2.7,18,0,11,,11,232,2198,,157
2020-09-17 02:00:00,91,0,0.40,3,20,0,11,,69,0,,123,348
2020-09-17 14:00:00,94,0,0.80,2.7,20,0,11,,0,0,0,,146
2020-09-18 02:00:00,95,0,0.40,4.6,17,0,11,0,816,0,,,172
2020-09-18 14:00:00,94,0,0.80,2.7,20,0,11,,11,,,,185
2020-09-19 02:00:00,95,0,0.40,2.9,18,0,10,,70,266,2159,231,2438
2020-09-19 14:00:00,94,0,0.40,2.7,13,0,11,,10,,25,,145
2020-09-20 02:00:00,95,0,1.3,0.50,18,0,12,,70,,,,325
2020-09-20 14:00:00,94,0,0.80,2.9,17,2.5,11,0,0,0,166,,146
2020-09-21 02:00:00,91,0,0.80,3,18,0,12,,74,0,,,405
2020-09-21 14:00:00,0,0,0.80,2.7,18,0,13,,10,,,,146
2020-09-22 02:00:00,0,0,0.40,3,34,0,13,0,74,0,0,,215
2020-09-22 14:00:00,92,0,0.40,4.5,19,0,14,,10,857,,,252
2020-09-23 02:00:00,41,0,0.40,3,20,0,14,,73,,,60,306
2020-09-23 14:00:00,94,0,0.40,3,14,0,13,,10,0,29,,149
2020-09-24 02:00:00,95,0,0.80,3,20,0,14,,69,0,,345,326
2020-09-24 14:00:00,95,0,0.80,2.7,16,0,13,,11,904,61,,239
2020-09-25 02:00:00,95,0,0.40,9.3,20,0,14,,69,0,,,266
2020-09-25 14:00:00,95,0,0.80,2.7,10,0,14,,10,,,,150
2020-09-26 02:00:00,92,0,0.40,3,19,0,14,,69,0,30,,525
2020-09-26 14:00:00,94,0,0.40,2.7,30,0,13,,10,0,24,,147
2020-09-27 02:00:00,92,0,0.40,4.9,19,0,12,0,68,0,60,326,403
2020-09-27 14:00:00,95,0,0.40,2.7,17,0,12,,10,0,0,,175
2020-09-28 02:00:00,0,0,0.40,2.9,16,0,17,,68,0,,,218
2020-09-28 14:00:00,0,0,0.80,2.7,0.60,0,13,0,10,0,25,,143
2020-09-29 02:00:00,95,0,1.2,3.4,19,0,13,,72,0,,,363
2020-09-29 14:00:00,92,0,0.40,2.7,18,0,16,,10,861,228,,147
2020-09-30 02:00:00,95,0,0.80,2.9,20,0,14,,68,,,,295
2020-09-30 14:00:00,94,0,0.80,2.7,0.60,0,14,0,45,0,,,133
2020-10-01 02:00:00,86,0,0.40,6.5,20,0,13,,72,0,2138,365,3788
2020-10-01 14:00:00,94,0,0.80,3,20,0,14,0,10,0,25,,148
2020-10-02 02:00:00,86,0,0.80,7.9,20,0,13,0,68,0,75,12,392
2020-10-02 14:00:00,92,0,0.80,2.7,18,0,14,0,10,0,2184,,249
2020-10-03 02:00:00,92,0,0.40,7.9,20,0,13,,133,0,67,,419
2020-10-03 14:00:00,96,0,0.40,4.5,17,0,13,0,11,204,63,,969
2020-10-04 02:00:00,95,0,0.40,3,17,0,13,,453,0,,,193
2020-10-04 14:00:00,94,0,0.40,4.1,9.6,0,14,,10,793,30,,237
2020-10-05 02:00:00,95,0,0.40,3.5,19,0,12,0,68,0,25,,537
2020-10-05 14:00:00,0,0,0.80,2.7,16,0,18,,11,2744,60,,174
2020-10-06 02:00:00,91,0,1.1,3,20,0,13,,111,0,60,81,450
2020-10-06 14:00:00,92,0,0.80,2.7,17,0,12,,10,0,,,164
2020-10-07 02:00:00,94,0,0.40,2.9,20,0,12,,68,,26,,319
2020-10-07 14:00:00,96,0,0.40,3.5,17,0,13,,11,2738,,,231
2020-10-08 02:00:00,92,0,0.40,3,20,0,13,,68,0,,,606
2020-10-08 14:00:00,0,0,0.40,2.9,14,0,13,,10,0,0,,236
2020-10-09 02:00:00,92,0,0.40,5.8,18,0,13,,68,0,,39,308
2020-10-09 14:00:00,95,0,0.80,2.7,18,0,13,,11,0,,,250
2020-10-10 02:00:00,95,0,0.40,18,20,0,13,1592,176,0,0,,2999
2020-10-10 14:00:00,93,0,0.80,2.7,23,0.80,13,0,10,,,,245
2020-10-11 02:00:00,92,0,0.40,3.7,19,0,12,0,68,,30,0,2253
2020-10-11 14:00:00,0,0,0.40,2.7,18,0,14,0,10,0,21,,148
2020-10-12 02:00:00,92,0,0.40,2.7,20,0,13,,72,0,,224,303
2020-10-12 14:00:00,86,0,0.80,2.9,21,0,14,,0,0,,,160
2020-10-13 02:00:00,92,0,0.40,4.9,20,0,13,,68,0,2175,191,2502
2020-10-13 14:00:00,92,82,0.80,2.7,17,0,13,,11,593,229,,171
2020-10-14 02:00:00,91,0,0.80,3,19,0,14,,73,,,,237
2020-10-14 14:00:00,94,0,0.80,2.7,20,0,13,,0,843,31,,286
2020-10-15 02:00:00,94,0,0.40,3,21,0,13,,69,0,,,231
2020-10-15 14:00:00,94,0,0.80,2.7,21,0,14,0,0,901,,,177
2020-10-16 02:00:00,92,0,1.6,4.4,19,0,13,,74,0,217,0,415
2020-10-16 14:00:00,94,0,0.80,2.7,21,0,13,,0,0,,,250
2020-10-17 02:00:00,92,0,0.40,5.3,20,0,14,1564,69,1135,30,,343
2020-10-17 14:00:00,95,0,0.50,2.7,18,0,14,,0,0,14,,206
2020-10-18 02:00:00,95,0,0.40,9.3,19,0,17,,70,0,,65,220
2020-10-18 14:00:00,95,0,0.40,2.7,20,0.80,13,,96,857,0,0,160
2020-10-19 02:00:00,0,0,0.80,2.9,18,0,13,,148,,,,374
2020-10-19 14:00:00,94,0,0.40,2.7,18,0,13,,88,855,,,181
2020-10-20 02:00:00,92,0,0.40,3.4,17,3.9,13,,103,0,86,,372
2020-10-20 14:00:00,95,0,0.40,2.7,27,0,13,,11,0,0,,161
2020-10-21 02:00:00,92,0,0.40,0.60,20,0,14,,74,0,122,0,650
2020-10-21 14:00:00,88,0,0.40,2.7,20,0,13,1595,12,790,2148,,255
2020-10-22 02:00:00,95,0,0.40,3,18,0,54,,69,0,,,400
2020-10-22 14:00:00,94,0,0.40,3,15,0,13,,12,0,222,174,165
2020-10-23 02:00:00,95,8.8,1.8,3,21,0,14,0,112,1130,,0,349
2020-10-23 14:00:00,87,0,0.80,2.7,18,0,13,,12,0,59,,149
2020-10-24 02:00:00,93,,0.40,10,15,1.8,13,,69,2733,69,0,461
2020-10-24 14:00:00,89,,0.40,2.7,14,2.2,11,0,12,0,118,,252
2020-10-25 02:00:00,95,17,0.80,11,19,,13,,75,,,,337
2020-10-25 13:00:00,92,0,0.80,2.7,18,,13,,11,0,31,,408
2020-10-26 01:00:00,94,,0.40,3.4,21,,13,,74,0,,,
2020-10-26 13:00:00,94,0,0.40,3,18,0,13,1581,93,0,31,,367
2020-10-27 01:00:00,95,0,0.40,12,21,0,13,,74,0,,229,2950
2020-10-27 13:00:00,94,0,0.40,2.7,18,0,14,,12,0,,,174
2020-10-28 01:00:00,94,0,0.40,4.3,21,0,13,,73,0,2155,0,2582
2020-10-28 13:00:00,93,0.80,0,2.7,17,0,11,0,12,,26,,147
2020-10-29 01:00:00,92,0,0.80,3,19,0,11,,74,0,,,220
2020-10-29 13:00:00,92,0,0.40,2.7,20,0,11,,12,792,31,,150
2020-10-30 01:00:00,97,0,0.40,0,20,0,11,,177,0,,191,398
2020-10-30 13:00:00,94,0,0.80,2.7,18,0,11,,93,0,28,15,149
2020-10-31 01:00:00,94,0,0.40,28,21,0,11,0,77,0,,27,485
2020-10-31 13:00:00,95,0,0.80,3,20,4.8,11,,56,,,211,294
2020-11-01 01:00:00,95,0,0.80,2.9,20,0.80,11,0,99,,59,,516
2020-11-01 13:00:00,94,0,0.80,7.9,17,0.80,11,,119,0,62,,195
2020-11-02 01:00:00,94,0,0.40,13,19,0.80,12,,76,0,,,369
2020-11-02 13:00:00,95,0,0.80,2.7,23,0.80,11,,12,2153,232,,151
2020-11-03 01:00:00,0,0,0.40,13,17,0.80,11,,75,,,,352
2020-11-03 13:00:00,92,0,0.80,3,11,0.80,11,,75,,,,242
2020-11-04 01:00:00,0,0,0.40,4.6,18,0.80,11,,32,0,0,0,1596
2020-11-04 13:00:00,96,0,0.40,3,12,0.80,11,,13,355,25,,147
2020-11-05 01:00:00,94,0,0.40,15,20,0.80,11,,32,0,,,230
2020-11-05 13:00:00,95,0,0.80,2.7,16,0.80,12,0,88,898,62,,245
2020-11-06 01:00:00,62,0,0.40,2.9,16,0.60,13,,74,0,,,222
2020-11-06 13:00:00,92,1.3,0.80,2.7,16,0,12,,95,859,0,,146
2020-11-07 01:00:00,94,1,0.40,3,17,0,12,,72,0,,131,1827
2020-11-07 13:00:00,92,1.6,0.80,3,16,1.8,12,,14,,,0,155
2020-11-08 01:00:00,95,0.80,3.7,36,18,0,14,,72,0,30,16,1260
2020-11-08 13:00:00,94,0.80,0.80,2.7,12,0.80,12,,91,0,0,,194
2020-11-09 01:00:00,0,1,0.80,3,31,0.80,12,,75,0,,,237
2020-11-09 13:00:00,94,1.1,0.40,3,31,0.80,14,0,11,0,,,210
2020-11-10 01:00:00,0,1.1,0.40,6.1,15,0.80,12,,71,,2168,0,2463
2020-11-10 13:00:00,89,0.80,0.40,2.7,16,0.80,12,,48,0,25,,146
2020-11-11 01:00:00,92,1.5,0.40,3,19,0.80,12,,69,0,24,0,241
2020-11-11 13:00:00,90,1.5,0.40,2.7,16,0.80,12,0,11,,,,296
2020-11-12 01:00:00,0,1.1,0.40,3.5,18,0.80,12,,72,,47,,214
2020-11-12 13:00:00,0,1.2,0.40,2.7,18,0.80,12,,11,0,,,205
2020-11-13 01:00:00,95,0.80,0.80,3,21,0.80,12,,74,,2136,0,2487
2020-11-13 13:00:00,94,1.2,0.40,2.7,35,0.80,12,,49,0,221,,939
2020-11-14 01:00:00,92,1.2,0.40,3.2,34,4.4,13,,69,1625,,,338
2020-11-14 13:00:00,92,1,0.40,4.8,15,0,12,0,11,0,214,,190
2020-11-15 01:00:00,87,1.3,0.40,3,18,0,19,0,69,0,,0,382
2020-11-15 13:00:00,95,1,0.80,2.7,18,0,19,0,11,1381,31,,238
2020-11-16 01:00:00,75,0.80,0.40,3,20,0,16,,70,0,,,390
2020-11-16 13:00:00,0,1.2,0.80,4.5,18,0,12,,11,0,30,,247
2020-11-17 01:00:00,0,1,0.40,9.3,0.60,0,12,,77,,,15,1659
2020-11-17 13:00:00,92,1,0.40,2.7,21,0,12,,12,0,229,,270
2020-11-18 01:00:00,93,1.2,0.40,21,20,0,12,,78,0,,0,1682
2020-11-18 13:00:00,95,1,0.40,2.7,21,0,12,0,11,0,32,0,178
2020-11-19 01:00:00,0,0.80,0.40,2.9,17,0,12,,78,0,,,429
2020-11-19 13:00:00,96,1,0.80,4,18,0,12,,11,0,63,,201
2020-11-20 01:00:00,0,0.80,0.80,2.9,17,0,12,,118,,,65,1498
2020-11-20 13:00:00,92,0.80,0.40,3,17,0,12,,15,386,,,190
2020-11-21 01:00:00,91,1,0.80,2.9,19,0,12,,85,0,16,0,322
2020-11-21 13:00:00,92,0.80,0.80,2.7,20,0,12,0,0,,102,,192
2020-11-22 01:00:00,94,1.2,1.5,4.5,20,0,12,,252,0,70,,430
2020-11-22 13:00:00,95,0.80,0.80,2.7,18,0,12,0,94,0,28,,275
2020-11-23 01:00:00,0,0.80,0.40,5.5,17,0,12,,87,0,30,,335
2020-11-23 13:00:00,92,1,0.40,2.7,20,0,12,0,94,0,,,1094
2020-11-24 01:00:00,95,0.80,0.80,3.5,19,0,12,,80,0,60,0,226
2020-11-24 13:00:00,92,0,0.80,2.7,18,0.80,13,,95,0,,,242
2020-11-25 01:00:00,94,0,0.40,2.9,19,0,13,0,256,0,30,,526
2020-11-25 13:00:00,0,0,0.40,2.7,18,0,40,0,94,0,,331,253
2020-11-26 01:00:00,95,0,0.40,30,17,0,13,0,78,0,30,77,252
2020-11-26 13:00:00,94,0,0.40,2.7,20,2.7,13,,94,0,,,879
2020-11-27 01:00:00,94,0,0.40,4.9,20,2.9,12,,89,0,,48,2758
2020-11-27 13:00:00,96,0,0.80,2.7,17,3.4,12,,94,0,42,,172
2020-11-28 01:00:00,94,0,0.50,3,17,3.2,18,,79,,,,324
2020-11-28 13:00:00,94,0,4.9,2.7,20,2.9,12,0,13,0,60,,339
2020-11-29 01:00:00,94,0,0.80,3,20,3.4,12,,81,0,,,460
2020-11-29 13:00:00,92,0,0.40,2.7,18,2.9,12,,88,0,17,,193
2020-11-30 01:00:00,87,4.1,0.40,3,18,3,15,,111,0,,46,306
2020-11-30 13:00:00,0,3.7,0.40,2.7,18,3.4,13,,138,0,,,454
2020-12-01 01:00:00,0,4.1,0.40,2.9,0.60,3,13,,75,,,0,227
2020-12-01 13:00:00,95,4.6,0.80,2.7,18,2.9,15,0,71,,127,,192
2020-12-02 01:00:00,88,3.2,0.40,3.2,21,3,13,,241,0,,73,642
2020-12-02 13:00:00,92,5,0.80,3.2,18,2.7,15,,92,589,221,58,196
2020-12-03 01:00:00,94,4,0.80,2.9,18,2.7,13,,152,0,,44,241
2020-12-03 13:00:00,92,5.4,0.40,2.7,18,2.7,15,0,12,0,,,185
2020-12-04 01:00:00,0,4,0.40,3,18,2.9,14,,112,0,122,,402
2020-12-04 13:00:00,92,5.6,0.80,2.9,17,2.9,13,0,95,0,,,273
2020-12-05 01:00:00,94,4.1,0.40,3.5,21,3,13,,74,,,,301
2020-12-05 13:00:00,92,4.6,0.80,3,20,0.30,13,0,94,,59,,264
2020-12-06 01:00:00,92,4.1,0.80,21,21,0,13,,153,653,,,445
2020-12-06 13:00:00,92,5,0.80,2.7,20,0,13,,92,,59,,265
2020-12-07 01:00:00,0,3.9,0.40,7.9,18,0,16,,74,0,2126,0,2381
2020-12-07 13:00:00,0,4,0.40,2.9,18,0,13,,93,0,61,,185
2020-12-08 01:00:00,92,4.3,0.80,2.9,20,0,13,0,77,,83,59,610
2020-12-08 13:00:00,89,4.8,0.40,2.7,18,0,14,,93,0,95,,173
2020-12-09 01:00:00,37,4,0.40,2.9,21,0,13,,78,0,,,333
2020-12-09 13:00:00,92,4.8,0.40,3,34,0,13,,86,857,20,,266
2020-12-10 01:00:00,94,3.7,0.40,6.5,18,0,13,,79,896,2134,163,2564
2020-12-10 13:00:00,92,4.3,0.40,2.7,18,0,13,0,97,,24,61,263
2020-12-11 01:00:00,95,4.8,0.40,3.4,21,4.6,13,0,74,0,,388,333
2020-12-11 13:00:00,93,5.1,0.40,3,17,1.5,13,0,55,1632,227,,173
2020-12-12 01:00:00,92,4,0.80,3,18,0,13,,152,,,,237
2020-12-12 13:00:00,92,4.8,0.80,2.7,18,0.30,45,,93,359,,61,194
2020-12-13 01:00:00,91,4.4,0.80,2.9,20,0,13,,79,,,,330
2020-12-13 13:00:00,92,4.4,4.3,8.3,18,0,13,,93,854,24,,200
2020-12-14 01:00:00,0,4.6,3,3,17,0,13,,78,0,,,306
2020-12-14 13:00:00,19,4.6,0.80,3.2,18,0,13,,13,0,,,292
2020-12-15 01:00:00,94,4.3,0.40,3,21,0,13,,79,0,0,708,858
2020-12-15 13:00:00,96,4.6,0.40,2.7,17,0,13,,101,363,,,264
2020-12-16 01:00:00,94,4.6,0.80,7.9,18,0,27,0,221,0,0,,525
2020-12-16 13:00:00,97,5,0.40,2.5,18,0,13,,91,,,,212
2020-12-17 01:00:00,0,5.1,0.80,3,17,0,15,,78,0,,,416
2020-12-17 13:00:00,92,3.9,0.40,3,20,0,13,,91,0,218,326,204
2020-12-18 01:00:00,94,4.5,0.40,3,21,0,13,,115,0,68,255,489
2020-12-18 13:00:00,97,4.8,0.40,6.3,21,0,13,0,93,0,61,,182
2020-12-19 01:00:00,86,4.9,0.40,3.2,18,0,13,,157,0,,31,2885
2020-12-19 13:00:00,96,4.6,0.80,2.9,17,0,13,,92,556,25,,275
2020-12-20 01:00:00,95,5,0.40,6,17,0,14,0,74,0,2131,,2442
2020-12-20 13:00:00,95,5,0.40,2.7,18,5.5,13,,92,0,25,0,186
2020-12-21 01:00:00,95,4.9,0.80,2.9,34,0,15,0,80,0,,,362
2020-12-21 13:00:00,95,5.4,0.40,2.7,17,0,13,,12,794,0,,293
2020-12-22 01:00:00,88,5,0.80,2.9,18,0,13,,80,,,,364
2020-12-22 13:00:00,93,4.8,0.80,2.7,18,0,13,,10,901,226,,190
2020-12-23 01:00:00,94,4.3,0.80,7.9,16,0,15,,79,,,216,4394
2020-12-23 13:00:00,92,5.5,0.40,2.7,21,0,13,,13,0,,,257
2020-12-24 01:00:00,94,5,0.40,3.5,21,1.6,13,,74,0,0,,530
2020-12-24 13:00:00,92,4.8,0.40,2.7,18,4,13,0,88,0,0,,293
2020-12-25 01:00:00,95,4.3,0.40,2.9,17,0,13,,73,,,,233
2020-12-25 13:00:00,94,5.3,0.80,6,17,0,13,0,94,0,25,,749
2020-12-26 01:00:00,45,4.1,0.40,3.5,18,0,13,,77,0,,93,472
2020-12-26 13:00:00,95,4.4,0.80,2.7,21,0,13,,93,,,,267
2020-12-27 01:00:00,95,3.9,0.40,8.3,34,0,16,,76,0,25,,347
2020-12-27 13:00:00,92,4.6,0.40,3,34,0,13,,93,0,217,,289
2020-12-28 01:00:00,94,4,0.40,2,20,2,13,,73,0,,,381
2020-12-28 13:00:00,94,5.5,0.80,3,18,0,13,0,47,857,26,51,211
2020-12-29 01:00:00,94,4.4,0.40,8.3,18,0,13,,86,0,,376,1760
2020-12-29 13:00:00,95,5.8,0.40,2.7,20,0,13,,53,0,24,,254
2020-12-30 01:00:00,0,4.9,0.40,3,18,0,13,1561,82,0,,,1939
2020-12-30 13:00:00,75,4.4,0.40,2.7,18,0,13,1585,13,0,,,173
2020-12-31 01:00:00,63,3.9,0.40,3.2,21,0,13,,113,,,,318
2020-12-31 13:00:00,92,5,0.40,2.7,18,3.9,16,0,48,0,25,,206
2021-01-01 01:00:00,94,5,4,0.40,21,0,13,,74,0,67,36,1739
2021-01-01 13:00:00,80,4.1,0.40,2.7,19,0,13,0,15,0,25,,170
2021-01-02 01:00:00,95,4.5,0.40,5.6,20,0,14,,38,1119,68,,2544
2021-01-02 13:00:00,94,3.9,0.80,3,20,0,13,,14,,13,,187
2021-01-03 01:00:00,94,5,2.2,2.9,20,0,13,0,111,,,,322
2021-01-03 13:00:00,95,4.6,0.40,2.7,17,0,13,,94,0,29,,568
2021-01-04 01:00:00,0,4,0.40,3.4,18,0,13,,87,0,,,238
2021-01-04 13:00:00,77,3.7,,2.9,20,0,19,,173,0,25,,249
2021-01-05 01:00:00,92,3.5,,2.9,20,0,13,,13,,,42,215
2021-01-05 13:00:00,94,3.5,,2.7,20,0,13,,87,0,,,248
2021-01-06 01:00:00,94,4.1,0.60,8.1,20,0,13,0,13,0,24,,241
2021-01-06 13:00:00,20,4,,2.7,20,0,13,,87,709,25,,287
2021-01-07 01:00:00,92,3.7,0.60,2.9,20,0,12,,80,0,,62,238
2021-01-07 13:00:00,76,4,0.60,2.7,18,3.5,13,,92,,,,465
2021-01-08 01:00:00,0,3.5,,3,34,0,12,,82,0,,,311
2021-01-08 13:00:00,92,3.7,,69,18,7,13,,131,,25,0,533
2021-01-09 01:00:00,88,3.9,0.60,2.9,21,6,12,,14,,24,,269
2021-01-09 13:00:00,94,3.9,0.60,2.7,18,0,13,,94,0,,,266
2021-01-10 01:00:00,94,3.5,,0.30,20,0,12,0,87,1358,69,,439
2021-01-10 13:00:00,92,3.7,,2.7,18,0,12,0,122,0,2132,,268
2021-01-11 01:00:00,74,3.7,0.60,37,18,0,13,,86,0,,264,1674
2021-01-11 13:00:00,95,4.8,0.80,2.9,18,0,13,,93,,83,0,2465
2020-01-11 13:00:00,,22,0.80,2.7,0.60,,6.3,,,,,,
2020-01-15 13:00:00,,33,0.40,2.7,17,3.7,4.9,,0,0,,0,
2020-01-16 01:00:00,,20,0.40,24,0.60,3.5,5.1,0,,,30,420,
2020-01-20 01:00:00,,42,0.40,3,,3.9,4.9,,,,28,166,
2020-01-31 01:00:00,,38,0.40,3,28,4.3,5.1,,,,,,
2020-02-01 01:00:00,,35,0.40,37,13,4.3,6,,,1135,,,
2020-07-25 14:00:00,,,,,,,,0,0,0,0,0,
2020-06-27 02:00:00,,,,,,,,,68,,,,
2020-06-27 14:00:00,,,,,,,,,0,,,,
2020-06-28 02:00:00,,,,,,,,,68,,,,
2020-06-28 14:00:00,,,,,,,,,0,,,56,
2020-07-26 02:00:00,,,,,,,,,71,,,,
2020-07-26 14:00:00,,,,,,,,,72,,,,

